Position monitor daemon mode (fixed version)
[2026-03-13 19:53:39] Position monitor fixed version starting...
[2026-03-13 19:53:39] ═══ Position Check ═══
[2026-03-13 19:53:39] ✓ Bot running
[2026-03-13 19:53:39]   XLM: 368.223752 = $61.71
[2026-03-13 19:53:39]   LINK: 12.4675 = $118.63
[2026-03-13 19:53:39]   SOL: 1.328163 = $121.67
[2026-03-13 19:53:39]   BTC: 0.00164422 = $119.96
[2026-03-13 19:53:39]   ETH: 0.0550649 = $120.16
[2026-03-13 19:53:39]   AVAX: 12.14717 = $124.02
[2026-03-13 19:53:39]   USD: 934.4472991186 = $934.45
[2026-03-13 19:53:39] ✓ Portfolio: $1600.60
[2026-03-13 19:53:39] ✓ State file updated successfully
[2026-03-13 19:53:39] ✓ All positions synchronized
[2026-03-13 19:53:39] 
[2026-03-13 19:53:39] Position monitor cycle complete
[2026-03-13 19:55:44] DAEMON: Position monitor daemon starting...
[2026-03-13 19:55:44] DAEMON: Daemon started with PID 2405566
[2026-03-13 19:55:44] DAEMON: Starting monitor cycle #1
[2026-03-13 19:55:44] DAEMON: Monitor cycle #1 completed successfully
[2026-03-13 19:55:44] DAEMON: Waiting 300 seconds until next cycle
[2026-03-13 19:56:44] DAEMON: Monitor cycle #1 timeout - killing process
[2026-03-13 20:00:44] DAEMON: Starting monitor cycle #2
[2026-03-13 20:00:44] DAEMON: Monitor cycle #2 completed successfully
[2026-03-13 20:00:44] DAEMON: Waiting 300 seconds until next cycle
[2026-03-13 20:01:44] DAEMON: Monitor cycle #2 timeout - killing process
[2026-03-13 20:05:44] DAEMON: Starting monitor cycle #3
[2026-03-13 20:05:44] DAEMON: Monitor cycle #3 completed successfully
[2026-03-13 20:05:44] DAEMON: Waiting 300 seconds until next cycle
[2026-03-13 20:06:44] DAEMON: Monitor cycle #3 timeout - killing process
[2026-03-13 20:10:44] DAEMON: Starting monitor cycle #4
[2026-03-13 20:10:45] DAEMON: Monitor cycle #4 completed successfully
[2026-03-13 20:10:45] DAEMON: Waiting 300 seconds until next cycle
[2026-03-13 20:11:45] DAEMON: Monitor cycle #4 timeout - killing process
[2026-03-13 20:15:45] DAEMON: Starting monitor cycle #5
[2026-03-13 20:15:45] DAEMON: Monitor cycle #5 completed successfully
[2026-03-13 20:15:45] DAEMON: Waiting 300 seconds until next cycle
[2026-03-13 20:16:45] DAEMON: Monitor cycle #5 timeout - killing process
[2026-03-13 20:20:45] DAEMON: Starting monitor cycle #6
[2026-03-13 20:20:45] DAEMON: Monitor cycle #6 completed successfully
[2026-03-13 20:20:45] DAEMON: Waiting 300 seconds until next cycle
[2026-03-13 20:21:45] DAEMON: Monitor cycle #6 timeout - killing process
[2026-03-13 20:25:45] DAEMON: Starting monitor cycle #7
[2026-03-13 20:25:45] DAEMON: Monitor cycle #7 completed successfully
[2026-03-13 20:25:45] DAEMON: Waiting 300 seconds until next cycle
[2026-03-13 20:26:45] DAEMON: Monitor cycle #7 timeout - killing process
[2026-03-13 20:30:45] DAEMON: Starting monitor cycle #8
[2026-03-13 20:30:45] DAEMON: Monitor cycle #8 completed successfully
[2026-03-13 20:30:45] DAEMON: Waiting 300 seconds until next cycle
[2026-03-13 20:31:45] DAEMON: Monitor cycle #8 timeout - killing process
[2026-03-13 20:35:45] DAEMON: Starting monitor cycle #9
[2026-03-13 20:35:45] DAEMON: Monitor cycle #9 completed successfully
[2026-03-13 20:35:45] DAEMON: Waiting 300 seconds until next cycle
[2026-03-13 20:36:45] DAEMON: Monitor cycle #9 timeout - killing process
[2026-03-13 20:40:45] DAEMON: Starting monitor cycle #10
[2026-03-13 20:40:45] DAEMON: Monitor cycle #10 completed successfully
[2026-03-13 20:40:45] DAEMON: Waiting 300 seconds until next cycle
[2026-03-13 20:41:45] DAEMON: Monitor cycle #10 timeout - killing process
[2026-03-13 20:45:45] DAEMON: Starting monitor cycle #11
[2026-03-13 20:45:45] DAEMON: Monitor cycle #11 completed successfully
[2026-03-13 20:45:45] DAEMON: Waiting 300 seconds until next cycle
[2026-03-13 20:46:45] DAEMON: Monitor cycle #11 timeout - killing process
[2026-03-13 20:50:45] DAEMON: Starting monitor cycle #12
[2026-03-13 20:50:45] DAEMON: Monitor cycle #12 completed successfully
[2026-03-13 20:50:45] DAEMON: Waiting 300 seconds until next cycle
[2026-03-13 20:51:45] DAEMON: Monitor cycle #12 timeout - killing process
[2026-03-13 20:55:45] DAEMON: Starting monitor cycle #13
[2026-03-13 20:55:45] DAEMON: Monitor cycle #13 completed successfully
[2026-03-13 20:55:45] DAEMON: Waiting 300 seconds until next cycle
[2026-03-13 20:56:45] DAEMON: Monitor cycle #13 timeout - killing process
[2026-03-13 21:00:46] DAEMON: Starting monitor cycle #14
[2026-03-13 21:00:46] DAEMON: Monitor cycle #14 completed successfully
[2026-03-13 21:00:46] DAEMON: Waiting 300 seconds until next cycle
[2026-03-13 21:01:46] DAEMON: Monitor cycle #14 timeout - killing process
[2026-03-13 21:05:46] DAEMON: Starting monitor cycle #15
[2026-03-13 21:05:46] DAEMON: Monitor cycle #15 completed successfully
[2026-03-13 21:05:46] DAEMON: Waiting 300 seconds until next cycle
[2026-03-13 21:06:46] DAEMON: Monitor cycle #15 timeout - killing process
[2026-03-13 21:10:46] DAEMON: Starting monitor cycle #16
[2026-03-13 21:10:46] DAEMON: Monitor cycle #16 completed successfully
[2026-03-13 21:10:46] DAEMON: Waiting 300 seconds until next cycle
[2026-03-13 21:11:46] DAEMON: Monitor cycle #16 timeout - killing process
[2026-03-13 21:15:46] DAEMON: Starting monitor cycle #17
[2026-03-13 21:15:46] DAEMON: Monitor cycle #17 completed successfully
[2026-03-13 21:15:46] DAEMON: Waiting 300 seconds until next cycle
[2026-03-13 21:16:46] DAEMON: Monitor cycle #17 timeout - killing process
[2026-03-13 21:20:46] DAEMON: Starting monitor cycle #18
[2026-03-13 21:20:46] DAEMON: Monitor cycle #18 completed successfully
[2026-03-13 21:20:46] DAEMON: Waiting 300 seconds until next cycle
[2026-03-13 21:21:46] DAEMON: Monitor cycle #18 timeout - killing process
[2026-03-13 21:25:46] DAEMON: Starting monitor cycle #19
[2026-03-13 21:25:46] DAEMON: Monitor cycle #19 completed successfully
[2026-03-13 21:25:46] DAEMON: Waiting 300 seconds until next cycle
[2026-03-13 21:26:46] DAEMON: Monitor cycle #19 timeout - killing process
[2026-03-13 21:30:46] DAEMON: Starting monitor cycle #20
[2026-03-13 21:30:46] DAEMON: Monitor cycle #20 completed successfully
[2026-03-13 21:30:46] DAEMON: Waiting 300 seconds until next cycle
[2026-03-13 21:31:46] DAEMON: Monitor cycle #20 timeout - killing process
[2026-03-13 21:35:46] DAEMON: Starting monitor cycle #21
[2026-03-13 21:35:46] DAEMON: Monitor cycle #21 completed successfully
[2026-03-13 21:35:46] DAEMON: Waiting 300 seconds until next cycle
[2026-03-13 21:36:46] DAEMON: Monitor cycle #21 timeout - killing process
[2026-03-13 21:40:47] DAEMON: Starting monitor cycle #22
[2026-03-13 21:40:47] DAEMON: Monitor cycle #22 completed successfully
[2026-03-13 21:40:47] DAEMON: Waiting 300 seconds until next cycle
[2026-03-13 21:41:47] DAEMON: Monitor cycle #22 timeout - killing process
[2026-03-13 21:45:47] DAEMON: Starting monitor cycle #23
[2026-03-13 21:45:47] DAEMON: Monitor cycle #23 completed successfully
[2026-03-13 21:45:47] DAEMON: Waiting 300 seconds until next cycle
[2026-03-13 21:46:47] DAEMON: Monitor cycle #23 timeout - killing process
[2026-03-13 21:50:47] DAEMON: Starting monitor cycle #24
[2026-03-13 21:50:47] DAEMON: Monitor cycle #24 completed successfully
[2026-03-13 21:50:47] DAEMON: Waiting 300 seconds until next cycle
[2026-03-13 21:51:47] DAEMON: Monitor cycle #24 timeout - killing process
[2026-03-13 21:55:47] DAEMON: Starting monitor cycle #25
[2026-03-13 21:55:47] DAEMON: Monitor cycle #25 completed successfully
[2026-03-13 21:55:47] DAEMON: Waiting 300 seconds until next cycle
[2026-03-13 21:56:47] DAEMON: Monitor cycle #25 timeout - killing process
[2026-03-13 22:00:47] DAEMON: Starting monitor cycle #26
[2026-03-13 22:00:47] DAEMON: Monitor cycle #26 completed successfully
[2026-03-13 22:00:47] DAEMON: Waiting 300 seconds until next cycle
[2026-03-13 22:01:47] DAEMON: Monitor cycle #26 timeout - killing process
[2026-03-13 22:05:47] DAEMON: Starting monitor cycle #27
[2026-03-13 22:05:47] DAEMON: Monitor cycle #27 completed successfully
[2026-03-13 22:05:47] DAEMON: Waiting 300 seconds until next cycle
[2026-03-13 22:06:47] DAEMON: Monitor cycle #27 timeout - killing process
[2026-03-13 22:10:47] DAEMON: Starting monitor cycle #28
[2026-03-13 22:10:47] DAEMON: Monitor cycle #28 completed successfully
[2026-03-13 22:10:47] DAEMON: Waiting 300 seconds until next cycle
[2026-03-13 22:11:47] DAEMON: Monitor cycle #28 timeout - killing process
[2026-03-13 22:15:47] DAEMON: Starting monitor cycle #29
[2026-03-13 22:15:47] DAEMON: Monitor cycle #29 completed successfully
[2026-03-13 22:15:47] DAEMON: Waiting 300 seconds until next cycle
[2026-03-13 22:16:47] DAEMON: Monitor cycle #29 timeout - killing process
[2026-03-13 22:20:47] DAEMON: Starting monitor cycle #30
[2026-03-13 22:20:47] DAEMON: Monitor cycle #30 completed successfully
[2026-03-13 22:20:47] DAEMON: Waiting 300 seconds until next cycle
[2026-03-13 22:21:47] DAEMON: Monitor cycle #30 timeout - killing process
[2026-03-13 22:25:47] DAEMON: Starting monitor cycle #31
[2026-03-13 22:25:47] DAEMON: Monitor cycle #31 completed successfully
[2026-03-13 22:25:47] DAEMON: Waiting 300 seconds until next cycle
[2026-03-13 22:26:47] DAEMON: Monitor cycle #31 timeout - killing process
[2026-03-13 22:30:47] DAEMON: Starting monitor cycle #32
[2026-03-13 22:30:48] DAEMON: Monitor cycle #32 completed successfully
[2026-03-13 22:30:48] DAEMON: Waiting 300 seconds until next cycle
[2026-03-13 22:31:48] DAEMON: Monitor cycle #32 timeout - killing process
[2026-03-13 22:35:48] DAEMON: Starting monitor cycle #33
[2026-03-13 22:35:48] DAEMON: Monitor cycle #33 completed successfully
[2026-03-13 22:35:48] DAEMON: Waiting 300 seconds until next cycle
[2026-03-13 22:36:48] DAEMON: Monitor cycle #33 timeout - killing process
[2026-03-13 22:40:48] DAEMON: Starting monitor cycle #34
[2026-03-13 22:40:48] DAEMON: Monitor cycle #34 completed successfully
[2026-03-13 22:40:48] DAEMON: Waiting 300 seconds until next cycle
[2026-03-13 22:41:48] DAEMON: Monitor cycle #34 timeout - killing process
[2026-03-13 22:45:48] DAEMON: Starting monitor cycle #35
[2026-03-13 22:45:48] DAEMON: Monitor cycle #35 completed successfully
[2026-03-13 22:45:48] DAEMON: Waiting 300 seconds until next cycle
[2026-03-13 22:46:48] DAEMON: Monitor cycle #35 timeout - killing process
[2026-03-13 22:50:48] DAEMON: Starting monitor cycle #36
[2026-03-13 22:50:48] DAEMON: Monitor cycle #36 completed successfully
[2026-03-13 22:50:48] DAEMON: Waiting 300 seconds until next cycle
[2026-03-13 22:51:48] DAEMON: Monitor cycle #36 timeout - killing process
[2026-03-13 22:55:48] DAEMON: Starting monitor cycle #37
[2026-03-13 22:55:48] DAEMON: Monitor cycle #37 completed successfully
[2026-03-13 22:55:48] DAEMON: Waiting 300 seconds until next cycle
[2026-03-13 22:56:48] DAEMON: Monitor cycle #37 timeout - killing process
[2026-03-13 23:00:48] DAEMON: Starting monitor cycle #38
[2026-03-13 23:00:48] DAEMON: Monitor cycle #38 completed successfully
[2026-03-13 23:00:48] DAEMON: Waiting 300 seconds until next cycle
[2026-03-13 23:01:48] DAEMON: Monitor cycle #38 timeout - killing process
[2026-03-13 23:05:48] DAEMON: Starting monitor cycle #39
[2026-03-13 23:05:48] DAEMON: Monitor cycle #39 completed successfully
[2026-03-13 23:05:48] DAEMON: Waiting 300 seconds until next cycle
[2026-03-13 23:06:48] DAEMON: Monitor cycle #39 timeout - killing process
[2026-03-13 23:10:48] DAEMON: Starting monitor cycle #40
[2026-03-13 23:10:48] DAEMON: Monitor cycle #40 completed successfully
[2026-03-13 23:10:48] DAEMON: Waiting 300 seconds until next cycle
[2026-03-13 23:11:48] DAEMON: Monitor cycle #40 timeout - killing process
[2026-03-13 23:15:49] DAEMON: Starting monitor cycle #41
[2026-03-13 23:15:49] DAEMON: Monitor cycle #41 completed successfully
[2026-03-13 23:15:49] DAEMON: Waiting 300 seconds until next cycle
[2026-03-13 23:16:49] DAEMON: Monitor cycle #41 timeout - killing process
[2026-03-13 23:20:49] DAEMON: Starting monitor cycle #42
[2026-03-13 23:20:49] DAEMON: Monitor cycle #42 completed successfully
[2026-03-13 23:20:49] DAEMON: Waiting 300 seconds until next cycle
[2026-03-13 23:21:49] DAEMON: Monitor cycle #42 timeout - killing process
[2026-03-13 23:25:49] DAEMON: Starting monitor cycle #43
[2026-03-13 23:25:49] DAEMON: Monitor cycle #43 completed successfully
[2026-03-13 23:25:49] DAEMON: Waiting 300 seconds until next cycle
[2026-03-13 23:26:49] DAEMON: Monitor cycle #43 timeout - killing process
[2026-03-13 23:30:49] DAEMON: Starting monitor cycle #44
[2026-03-13 23:30:49] DAEMON: Monitor cycle #44 completed successfully
[2026-03-13 23:30:49] DAEMON: Waiting 300 seconds until next cycle
[2026-03-13 23:31:49] DAEMON: Monitor cycle #44 timeout - killing process
[2026-03-13 23:35:49] DAEMON: Starting monitor cycle #45
[2026-03-13 23:35:49] DAEMON: Monitor cycle #45 completed successfully
[2026-03-13 23:35:49] DAEMON: Waiting 300 seconds until next cycle
[2026-03-13 23:36:49] DAEMON: Monitor cycle #45 timeout - killing process
[2026-03-13 23:40:49] DAEMON: Starting monitor cycle #46
[2026-03-13 23:40:49] DAEMON: Monitor cycle #46 completed successfully
[2026-03-13 23:40:49] DAEMON: Waiting 300 seconds until next cycle
[2026-03-13 23:41:49] DAEMON: Monitor cycle #46 timeout - killing process
[2026-03-13 23:45:49] DAEMON: Starting monitor cycle #47
[2026-03-13 23:45:49] DAEMON: Monitor cycle #47 completed successfully
[2026-03-13 23:45:49] DAEMON: Waiting 300 seconds until next cycle
[2026-03-13 23:46:49] DAEMON: Monitor cycle #47 timeout - killing process
[2026-03-13 23:50:49] DAEMON: Starting monitor cycle #48
[2026-03-13 23:50:49] DAEMON: Monitor cycle #48 completed successfully
[2026-03-13 23:50:49] DAEMON: Waiting 300 seconds until next cycle
[2026-03-13 23:51:49] DAEMON: Monitor cycle #48 timeout - killing process
[2026-03-13 23:55:49] DAEMON: Starting monitor cycle #49
[2026-03-13 23:55:49] DAEMON: Monitor cycle #49 completed successfully
[2026-03-13 23:55:49] DAEMON: Waiting 300 seconds until next cycle
[2026-03-13 23:56:50] DAEMON: Monitor cycle #49 timeout - killing process
[2026-03-14 00:00:50] DAEMON: Starting monitor cycle #50
[2026-03-14 00:00:50] DAEMON: Monitor cycle #50 completed successfully
[2026-03-14 00:00:50] DAEMON: Waiting 300 seconds until next cycle
[2026-03-14 00:01:50] DAEMON: Monitor cycle #50 timeout - killing process
[2026-03-14 00:05:50] DAEMON: Starting monitor cycle #51
[2026-03-14 00:05:50] DAEMON: Monitor cycle #51 completed successfully
[2026-03-14 00:05:50] DAEMON: Waiting 300 seconds until next cycle
[2026-03-14 00:06:50] DAEMON: Monitor cycle #51 timeout - killing process
[2026-03-14 00:10:50] DAEMON: Starting monitor cycle #52
[2026-03-14 00:10:50] DAEMON: Monitor cycle #52 completed successfully
[2026-03-14 00:10:50] DAEMON: Waiting 300 seconds until next cycle
[2026-03-14 00:11:50] DAEMON: Monitor cycle #52 timeout - killing process
[2026-03-14 00:15:50] DAEMON: Starting monitor cycle #53
[2026-03-14 00:15:50] DAEMON: Monitor cycle #53 completed successfully
[2026-03-14 00:15:50] DAEMON: Waiting 300 seconds until next cycle
[2026-03-14 00:16:50] DAEMON: Monitor cycle #53 timeout - killing process
[2026-03-14 00:20:50] DAEMON: Starting monitor cycle #54
[2026-03-14 00:20:50] DAEMON: Monitor cycle #54 completed successfully
[2026-03-14 00:20:50] DAEMON: Waiting 300 seconds until next cycle
[2026-03-14 00:21:50] DAEMON: Monitor cycle #54 timeout - killing process
[2026-03-14 00:25:50] DAEMON: Starting monitor cycle #55
[2026-03-14 00:25:50] DAEMON: Monitor cycle #55 completed successfully
[2026-03-14 00:25:50] DAEMON: Waiting 300 seconds until next cycle
[2026-03-14 00:26:50] DAEMON: Monitor cycle #55 timeout - killing process
[2026-03-14 00:30:50] DAEMON: Starting monitor cycle #56
[2026-03-14 00:30:50] DAEMON: Monitor cycle #56 completed successfully
[2026-03-14 00:30:50] DAEMON: Waiting 300 seconds until next cycle
[2026-03-14 00:31:50] DAEMON: Monitor cycle #56 timeout - killing process
[2026-03-14 00:35:50] DAEMON: Starting monitor cycle #57
[2026-03-14 00:35:50] DAEMON: Monitor cycle #57 completed successfully
[2026-03-14 00:35:50] DAEMON: Waiting 300 seconds until next cycle
[2026-03-14 00:36:50] DAEMON: Monitor cycle #57 timeout - killing process
[2026-03-14 00:40:51] DAEMON: Starting monitor cycle #58
[2026-03-14 00:40:51] DAEMON: Monitor cycle #58 completed successfully
[2026-03-14 00:40:51] DAEMON: Waiting 300 seconds until next cycle
[2026-03-14 00:41:51] DAEMON: Monitor cycle #58 timeout - killing process
[2026-03-14 00:45:51] DAEMON: Starting monitor cycle #59
[2026-03-14 00:45:51] DAEMON: Monitor cycle #59 completed successfully
[2026-03-14 00:45:51] DAEMON: Waiting 300 seconds until next cycle
[2026-03-14 00:46:51] DAEMON: Monitor cycle #59 timeout - killing process
[2026-03-14 00:50:51] DAEMON: Starting monitor cycle #60
[2026-03-14 00:50:51] DAEMON: Monitor cycle #60 completed successfully
[2026-03-14 00:50:51] DAEMON: Waiting 300 seconds until next cycle
[2026-03-14 00:51:51] DAEMON: Monitor cycle #60 timeout - killing process
[2026-03-14 00:55:51] DAEMON: Starting monitor cycle #61
[2026-03-14 00:55:51] DAEMON: Monitor cycle #61 completed successfully
[2026-03-14 00:55:51] DAEMON: Waiting 300 seconds until next cycle
[2026-03-14 00:56:51] DAEMON: Monitor cycle #61 timeout - killing process
[2026-03-14 01:00:51] DAEMON: Starting monitor cycle #62
[2026-03-14 01:00:51] DAEMON: Monitor cycle #62 completed successfully
[2026-03-14 01:00:51] DAEMON: Waiting 300 seconds until next cycle
[2026-03-14 01:01:51] DAEMON: Monitor cycle #62 timeout - killing process
[2026-03-14 01:05:51] DAEMON: Starting monitor cycle #63
[2026-03-14 01:05:51] DAEMON: Monitor cycle #63 completed successfully
[2026-03-14 01:05:51] DAEMON: Waiting 300 seconds until next cycle
[2026-03-14 01:06:51] DAEMON: Monitor cycle #63 timeout - killing process
[2026-03-14 01:10:51] DAEMON: Starting monitor cycle #64
[2026-03-14 01:10:51] DAEMON: Monitor cycle #64 completed successfully
[2026-03-14 01:10:51] DAEMON: Waiting 300 seconds until next cycle
[2026-03-14 01:11:51] DAEMON: Monitor cycle #64 timeout - killing process
[2026-03-14 01:15:51] DAEMON: Starting monitor cycle #65
[2026-03-14 01:15:51] DAEMON: Monitor cycle #65 completed successfully
[2026-03-14 01:15:51] DAEMON: Waiting 300 seconds until next cycle
[2026-03-14 01:16:51] DAEMON: Monitor cycle #65 timeout - killing process
[2026-03-14 01:20:51] DAEMON: Starting monitor cycle #66
[2026-03-14 01:20:52] DAEMON: Monitor cycle #66 completed successfully
[2026-03-14 01:20:52] DAEMON: Waiting 300 seconds until next cycle
[2026-03-14 01:21:52] DAEMON: Monitor cycle #66 timeout - killing process
[2026-03-14 01:25:52] DAEMON: Starting monitor cycle #67
[2026-03-14 01:25:52] DAEMON: Monitor cycle #67 completed successfully
[2026-03-14 01:25:52] DAEMON: Waiting 300 seconds until next cycle
[2026-03-14 01:26:52] DAEMON: Monitor cycle #67 timeout - killing process
[2026-03-14 01:30:52] DAEMON: Starting monitor cycle #68
[2026-03-14 01:30:52] DAEMON: Monitor cycle #68 completed successfully
[2026-03-14 01:30:52] DAEMON: Waiting 300 seconds until next cycle
[2026-03-14 01:31:52] DAEMON: Monitor cycle #68 timeout - killing process
[2026-03-14 01:35:52] DAEMON: Starting monitor cycle #69
[2026-03-14 01:35:52] DAEMON: Monitor cycle #69 completed successfully
[2026-03-14 01:35:52] DAEMON: Waiting 300 seconds until next cycle
[2026-03-14 01:36:52] DAEMON: Monitor cycle #69 timeout - killing process
[2026-03-14 01:40:52] DAEMON: Starting monitor cycle #70
[2026-03-14 01:40:52] DAEMON: Monitor cycle #70 completed successfully
[2026-03-14 01:40:52] DAEMON: Waiting 300 seconds until next cycle
[2026-03-14 01:41:52] DAEMON: Monitor cycle #70 timeout - killing process
[2026-03-14 01:45:52] DAEMON: Starting monitor cycle #71
[2026-03-14 01:45:52] DAEMON: Monitor cycle #71 completed successfully
[2026-03-14 01:45:52] DAEMON: Waiting 300 seconds until next cycle
[2026-03-14 01:46:52] DAEMON: Monitor cycle #71 timeout - killing process
[2026-03-14 01:50:52] DAEMON: Starting monitor cycle #72
[2026-03-14 01:50:52] DAEMON: Monitor cycle #72 completed successfully
[2026-03-14 01:50:52] DAEMON: Waiting 300 seconds until next cycle
[2026-03-14 01:51:52] DAEMON: Monitor cycle #72 timeout - killing process
[2026-03-14 01:55:52] DAEMON: Starting monitor cycle #73
[2026-03-14 01:55:52] DAEMON: Monitor cycle #73 completed successfully
[2026-03-14 01:55:52] DAEMON: Waiting 300 seconds until next cycle
[2026-03-14 01:56:52] DAEMON: Monitor cycle #73 timeout - killing process
[2026-03-14 02:00:52] DAEMON: Starting monitor cycle #74
[2026-03-14 02:00:52] DAEMON: Monitor cycle #74 completed successfully
[2026-03-14 02:00:52] DAEMON: Waiting 300 seconds until next cycle
[2026-03-14 02:01:52] DAEMON: Monitor cycle #74 timeout - killing process
[2026-03-14 02:05:53] DAEMON: Starting monitor cycle #75
[2026-03-14 02:05:53] DAEMON: Monitor cycle #75 completed successfully
[2026-03-14 02:05:53] DAEMON: Waiting 300 seconds until next cycle
[2026-03-14 02:06:53] DAEMON: Monitor cycle #75 timeout - killing process
[2026-03-14 02:10:53] DAEMON: Starting monitor cycle #76
[2026-03-14 02:10:53] DAEMON: Monitor cycle #76 completed successfully
[2026-03-14 02:10:53] DAEMON: Waiting 300 seconds until next cycle
[2026-03-14 02:11:53] DAEMON: Monitor cycle #76 timeout - killing process
[2026-03-14 02:15:53] DAEMON: Starting monitor cycle #77
[2026-03-14 02:15:53] DAEMON: Monitor cycle #77 completed successfully
[2026-03-14 02:15:53] DAEMON: Waiting 300 seconds until next cycle
[2026-03-14 02:16:53] DAEMON: Monitor cycle #77 timeout - killing process
[2026-03-14 02:20:53] DAEMON: Starting monitor cycle #78
[2026-03-14 02:20:53] DAEMON: Monitor cycle #78 completed successfully
[2026-03-14 02:20:53] DAEMON: Waiting 300 seconds until next cycle
[2026-03-14 02:21:53] DAEMON: Monitor cycle #78 timeout - killing process
[2026-03-14 02:25:53] DAEMON: Starting monitor cycle #79
[2026-03-14 02:25:53] DAEMON: Monitor cycle #79 completed successfully
[2026-03-14 02:25:53] DAEMON: Waiting 300 seconds until next cycle
[2026-03-14 02:26:53] DAEMON: Monitor cycle #79 timeout - killing process
[2026-03-14 02:30:53] DAEMON: Starting monitor cycle #80
[2026-03-14 02:30:53] DAEMON: Monitor cycle #80 completed successfully
[2026-03-14 02:30:53] DAEMON: Waiting 300 seconds until next cycle
[2026-03-14 02:31:53] DAEMON: Monitor cycle #80 timeout - killing process
[2026-03-14 02:35:53] DAEMON: Starting monitor cycle #81
[2026-03-14 02:35:53] DAEMON: Monitor cycle #81 completed successfully
[2026-03-14 02:35:53] DAEMON: Waiting 300 seconds until next cycle
[2026-03-14 02:36:53] DAEMON: Monitor cycle #81 timeout - killing process
[2026-03-14 02:40:53] DAEMON: Starting monitor cycle #82
[2026-03-14 02:40:53] DAEMON: Monitor cycle #82 completed successfully
[2026-03-14 02:40:53] DAEMON: Waiting 300 seconds until next cycle
[2026-03-14 02:41:53] DAEMON: Monitor cycle #82 timeout - killing process
[2026-03-14 02:45:54] DAEMON: Starting monitor cycle #83
[2026-03-14 02:45:54] DAEMON: Monitor cycle #83 completed successfully
[2026-03-14 02:45:54] DAEMON: Waiting 300 seconds until next cycle
[2026-03-14 02:46:54] DAEMON: Monitor cycle #83 timeout - killing process
[2026-03-14 02:50:54] DAEMON: Starting monitor cycle #84
[2026-03-14 02:50:54] DAEMON: Monitor cycle #84 completed successfully
[2026-03-14 02:50:54] DAEMON: Waiting 300 seconds until next cycle
[2026-03-14 02:51:54] DAEMON: Monitor cycle #84 timeout - killing process
[2026-03-14 02:55:54] DAEMON: Starting monitor cycle #85
[2026-03-14 02:55:54] DAEMON: Monitor cycle #85 completed successfully
[2026-03-14 02:55:54] DAEMON: Waiting 300 seconds until next cycle
[2026-03-14 02:56:54] DAEMON: Monitor cycle #85 timeout - killing process
[2026-03-14 03:00:54] DAEMON: Starting monitor cycle #86
[2026-03-14 03:00:54] DAEMON: Monitor cycle #86 completed successfully
[2026-03-14 03:00:54] DAEMON: Waiting 300 seconds until next cycle
[2026-03-14 03:01:54] DAEMON: Monitor cycle #86 timeout - killing process
[2026-03-14 03:05:54] DAEMON: Starting monitor cycle #87
[2026-03-14 03:05:54] DAEMON: Monitor cycle #87 completed successfully
[2026-03-14 03:05:54] DAEMON: Waiting 300 seconds until next cycle
[2026-03-14 03:06:54] DAEMON: Monitor cycle #87 timeout - killing process
[2026-03-14 03:10:54] DAEMON: Starting monitor cycle #88
[2026-03-14 03:10:54] DAEMON: Monitor cycle #88 completed successfully
[2026-03-14 03:10:54] DAEMON: Waiting 300 seconds until next cycle
[2026-03-14 03:11:54] DAEMON: Monitor cycle #88 timeout - killing process
[2026-03-14 03:15:54] DAEMON: Starting monitor cycle #89
[2026-03-14 03:15:54] DAEMON: Monitor cycle #89 completed successfully
[2026-03-14 03:15:54] DAEMON: Waiting 300 seconds until next cycle
[2026-03-14 03:16:54] DAEMON: Monitor cycle #89 timeout - killing process
[2026-03-14 03:20:54] DAEMON: Starting monitor cycle #90
[2026-03-14 03:20:54] DAEMON: Monitor cycle #90 completed successfully
[2026-03-14 03:20:54] DAEMON: Waiting 300 seconds until next cycle
[2026-03-14 03:21:54] DAEMON: Monitor cycle #90 timeout - killing process
[2026-03-14 03:25:54] DAEMON: Starting monitor cycle #91
[2026-03-14 03:25:54] DAEMON: Monitor cycle #91 completed successfully
[2026-03-14 03:25:54] DAEMON: Waiting 300 seconds until next cycle
[2026-03-14 03:26:54] DAEMON: Monitor cycle #91 timeout - killing process
[2026-03-14 03:30:54] DAEMON: Starting monitor cycle #92
[2026-03-14 03:30:55] DAEMON: Monitor cycle #92 completed successfully
[2026-03-14 03:30:55] DAEMON: Waiting 300 seconds until next cycle
[2026-03-14 03:31:55] DAEMON: Monitor cycle #92 timeout - killing process
[2026-03-14 03:35:55] DAEMON: Starting monitor cycle #93
[2026-03-14 03:35:55] DAEMON: Monitor cycle #93 completed successfully
[2026-03-14 03:35:55] DAEMON: Waiting 300 seconds until next cycle
[2026-03-14 03:36:55] DAEMON: Monitor cycle #93 timeout - killing process
[2026-03-14 03:40:55] DAEMON: Starting monitor cycle #94
[2026-03-14 03:40:55] DAEMON: Monitor cycle #94 completed successfully
[2026-03-14 03:40:55] DAEMON: Waiting 300 seconds until next cycle
[2026-03-14 03:41:55] DAEMON: Monitor cycle #94 timeout - killing process
[2026-03-14 03:45:55] DAEMON: Starting monitor cycle #95
[2026-03-14 03:45:55] DAEMON: Monitor cycle #95 completed successfully
[2026-03-14 03:45:55] DAEMON: Waiting 300 seconds until next cycle
[2026-03-14 03:46:55] DAEMON: Monitor cycle #95 timeout - killing process
[2026-03-14 03:50:55] DAEMON: Starting monitor cycle #96
[2026-03-14 03:50:55] DAEMON: Monitor cycle #96 completed successfully
[2026-03-14 03:50:55] DAEMON: Waiting 300 seconds until next cycle
[2026-03-14 03:51:55] DAEMON: Monitor cycle #96 timeout - killing process
[2026-03-14 03:55:55] DAEMON: Starting monitor cycle #97
[2026-03-14 03:55:55] DAEMON: Monitor cycle #97 completed successfully
[2026-03-14 03:55:55] DAEMON: Waiting 300 seconds until next cycle
[2026-03-14 03:56:55] DAEMON: Monitor cycle #97 timeout - killing process
[2026-03-14 04:00:55] DAEMON: Starting monitor cycle #98
[2026-03-14 04:00:55] DAEMON: Monitor cycle #98 completed successfully
[2026-03-14 04:00:55] DAEMON: Waiting 300 seconds until next cycle
[2026-03-14 04:01:55] DAEMON: Monitor cycle #98 timeout - killing process
[2026-03-14 04:05:55] DAEMON: Starting monitor cycle #99
[2026-03-14 04:05:55] DAEMON: Monitor cycle #99 completed successfully
[2026-03-14 04:05:55] DAEMON: Waiting 300 seconds until next cycle
[2026-03-14 04:06:55] DAEMON: Monitor cycle #99 timeout - killing process
[2026-03-14 04:10:55] DAEMON: Starting monitor cycle #100
[2026-03-14 04:10:55] DAEMON: Monitor cycle #100 completed successfully
[2026-03-14 04:10:55] DAEMON: Waiting 300 seconds until next cycle
[2026-03-14 04:11:55] DAEMON: Monitor cycle #100 timeout - killing process
[2026-03-14 04:15:55] DAEMON: Starting monitor cycle #101
[2026-03-14 04:15:56] DAEMON: Monitor cycle #101 completed successfully
[2026-03-14 04:15:56] DAEMON: Waiting 300 seconds until next cycle
[2026-03-14 04:16:56] DAEMON: Monitor cycle #101 timeout - killing process
[2026-03-14 04:20:56] DAEMON: Starting monitor cycle #102
[2026-03-14 04:20:56] DAEMON: Monitor cycle #102 completed successfully
[2026-03-14 04:20:56] DAEMON: Waiting 300 seconds until next cycle
[2026-03-14 04:21:56] DAEMON: Monitor cycle #102 timeout - killing process
[2026-03-14 04:25:56] DAEMON: Starting monitor cycle #103
[2026-03-14 04:25:56] DAEMON: Monitor cycle #103 completed successfully
[2026-03-14 04:25:56] DAEMON: Waiting 300 seconds until next cycle
[2026-03-14 04:26:56] DAEMON: Monitor cycle #103 timeout - killing process
[2026-03-14 04:30:56] DAEMON: Starting monitor cycle #104
[2026-03-14 04:30:56] DAEMON: Monitor cycle #104 completed successfully
[2026-03-14 04:30:56] DAEMON: Waiting 300 seconds until next cycle
[2026-03-14 04:31:56] DAEMON: Monitor cycle #104 timeout - killing process
[2026-03-14 04:35:56] DAEMON: Starting monitor cycle #105
[2026-03-14 04:35:56] DAEMON: Monitor cycle #105 completed successfully
[2026-03-14 04:35:56] DAEMON: Waiting 300 seconds until next cycle
[2026-03-14 04:36:56] DAEMON: Monitor cycle #105 timeout - killing process
[2026-03-14 04:40:56] DAEMON: Starting monitor cycle #106
[2026-03-14 04:40:56] DAEMON: Monitor cycle #106 completed successfully
[2026-03-14 04:40:56] DAEMON: Waiting 300 seconds until next cycle
[2026-03-14 04:41:56] DAEMON: Monitor cycle #106 timeout - killing process
[2026-03-14 04:45:56] DAEMON: Starting monitor cycle #107
[2026-03-14 04:45:56] DAEMON: Monitor cycle #107 completed successfully
[2026-03-14 04:45:56] DAEMON: Waiting 300 seconds until next cycle
[2026-03-14 04:46:56] DAEMON: Monitor cycle #107 timeout - killing process
[2026-03-14 04:50:56] DAEMON: Starting monitor cycle #108
[2026-03-14 04:50:56] DAEMON: Monitor cycle #108 completed successfully
[2026-03-14 04:50:56] DAEMON: Waiting 300 seconds until next cycle
[2026-03-14 04:51:56] DAEMON: Monitor cycle #108 timeout - killing process
[2026-03-14 04:55:56] DAEMON: Starting monitor cycle #109
[2026-03-14 04:55:56] DAEMON: Monitor cycle #109 completed successfully
[2026-03-14 04:55:56] DAEMON: Waiting 300 seconds until next cycle
[2026-03-14 04:56:56] DAEMON: Monitor cycle #109 timeout - killing process
[2026-03-14 05:00:56] DAEMON: Starting monitor cycle #110
[2026-03-14 05:00:56] DAEMON: Monitor cycle #110 completed successfully
[2026-03-14 05:00:56] DAEMON: Waiting 300 seconds until next cycle
[2026-03-14 05:01:56] DAEMON: Monitor cycle #110 timeout - killing process
[2026-03-14 05:05:56] DAEMON: Starting monitor cycle #111
[2026-03-14 05:05:56] DAEMON: Monitor cycle #111 completed successfully
[2026-03-14 05:05:56] DAEMON: Waiting 300 seconds until next cycle
[2026-03-14 05:06:56] DAEMON: Monitor cycle #111 timeout - killing process
[2026-03-14 05:10:57] DAEMON: Starting monitor cycle #112
[2026-03-14 05:10:57] DAEMON: Monitor cycle #112 completed successfully
[2026-03-14 05:10:57] DAEMON: Waiting 300 seconds until next cycle
[2026-03-14 05:11:57] DAEMON: Monitor cycle #112 timeout - killing process
[2026-03-14 05:15:57] DAEMON: Starting monitor cycle #113
[2026-03-14 05:15:57] DAEMON: Monitor cycle #113 completed successfully
[2026-03-14 05:15:57] DAEMON: Waiting 300 seconds until next cycle
[2026-03-14 05:16:57] DAEMON: Monitor cycle #113 timeout - killing process
[2026-03-14 05:20:57] DAEMON: Starting monitor cycle #114
[2026-03-14 05:20:57] DAEMON: Monitor cycle #114 completed successfully
[2026-03-14 05:20:57] DAEMON: Waiting 300 seconds until next cycle
[2026-03-14 05:21:57] DAEMON: Monitor cycle #114 timeout - killing process
[2026-03-14 05:25:57] DAEMON: Starting monitor cycle #115
[2026-03-14 05:25:57] DAEMON: Monitor cycle #115 completed successfully
[2026-03-14 05:25:57] DAEMON: Waiting 300 seconds until next cycle
[2026-03-14 05:26:57] DAEMON: Monitor cycle #115 timeout - killing process
[2026-03-14 05:30:57] DAEMON: Starting monitor cycle #116
[2026-03-14 05:30:57] DAEMON: Monitor cycle #116 completed successfully
[2026-03-14 05:30:57] DAEMON: Waiting 300 seconds until next cycle
[2026-03-14 05:31:57] DAEMON: Monitor cycle #116 timeout - killing process
[2026-03-14 05:35:57] DAEMON: Starting monitor cycle #117
[2026-03-14 05:35:57] DAEMON: Monitor cycle #117 completed successfully
[2026-03-14 05:35:57] DAEMON: Waiting 300 seconds until next cycle
[2026-03-14 05:36:57] DAEMON: Monitor cycle #117 timeout - killing process
[2026-03-14 05:40:57] DAEMON: Starting monitor cycle #118
[2026-03-14 05:40:57] DAEMON: Monitor cycle #118 completed successfully
[2026-03-14 05:40:57] DAEMON: Waiting 300 seconds until next cycle
[2026-03-14 05:41:57] DAEMON: Monitor cycle #118 timeout - killing process
[2026-03-14 05:45:57] DAEMON: Starting monitor cycle #119
[2026-03-14 05:45:57] DAEMON: Monitor cycle #119 completed successfully
[2026-03-14 05:45:57] DAEMON: Waiting 300 seconds until next cycle
[2026-03-14 05:46:57] DAEMON: Monitor cycle #119 timeout - killing process
[2026-03-14 05:50:57] DAEMON: Starting monitor cycle #120
[2026-03-14 05:50:57] DAEMON: Monitor cycle #120 completed successfully
[2026-03-14 05:50:57] DAEMON: Waiting 300 seconds until next cycle
[2026-03-14 05:51:57] DAEMON: Monitor cycle #120 timeout - killing process
[2026-03-14 05:55:57] DAEMON: Starting monitor cycle #121
[2026-03-14 05:55:58] DAEMON: Monitor cycle #121 completed successfully
[2026-03-14 05:55:58] DAEMON: Waiting 300 seconds until next cycle
[2026-03-14 05:56:58] DAEMON: Monitor cycle #121 timeout - killing process
[2026-03-14 06:00:58] DAEMON: Starting monitor cycle #122
[2026-03-14 06:00:58] DAEMON: Monitor cycle #122 completed successfully
[2026-03-14 06:00:58] DAEMON: Waiting 300 seconds until next cycle
[2026-03-14 06:01:58] DAEMON: Monitor cycle #122 timeout - killing process
[2026-03-14 06:05:58] DAEMON: Starting monitor cycle #123
[2026-03-14 06:05:58] DAEMON: Monitor cycle #123 completed successfully
[2026-03-14 06:05:58] DAEMON: Waiting 300 seconds until next cycle
[2026-03-14 06:06:58] DAEMON: Monitor cycle #123 timeout - killing process
[2026-03-14 06:10:58] DAEMON: Starting monitor cycle #124
[2026-03-14 06:10:58] DAEMON: Monitor cycle #124 completed successfully
[2026-03-14 06:10:58] DAEMON: Waiting 300 seconds until next cycle
[2026-03-14 06:11:58] DAEMON: Monitor cycle #124 timeout - killing process
[2026-03-14 06:15:58] DAEMON: Starting monitor cycle #125
[2026-03-14 06:15:58] DAEMON: Monitor cycle #125 completed successfully
[2026-03-14 06:15:58] DAEMON: Waiting 300 seconds until next cycle
[2026-03-14 06:16:58] DAEMON: Monitor cycle #125 timeout - killing process
[2026-03-14 06:20:58] DAEMON: Starting monitor cycle #126
[2026-03-14 06:20:58] DAEMON: Monitor cycle #126 completed successfully
[2026-03-14 06:20:58] DAEMON: Waiting 300 seconds until next cycle
[2026-03-14 06:21:58] DAEMON: Monitor cycle #126 timeout - killing process
[2026-03-14 06:25:58] DAEMON: Starting monitor cycle #127
[2026-03-14 06:25:58] DAEMON: Monitor cycle #127 completed successfully
[2026-03-14 06:25:58] DAEMON: Waiting 300 seconds until next cycle
[2026-03-14 06:26:58] DAEMON: Monitor cycle #127 timeout - killing process
[2026-03-14 06:30:58] DAEMON: Starting monitor cycle #128
[2026-03-14 06:30:58] DAEMON: Monitor cycle #128 completed successfully
[2026-03-14 06:30:58] DAEMON: Waiting 300 seconds until next cycle
[2026-03-14 06:31:58] DAEMON: Monitor cycle #128 timeout - killing process
[2026-03-14 06:35:58] DAEMON: Starting monitor cycle #129
[2026-03-14 06:35:58] DAEMON: Monitor cycle #129 completed successfully
[2026-03-14 06:35:58] DAEMON: Waiting 300 seconds until next cycle
[2026-03-14 06:36:59] DAEMON: Monitor cycle #129 timeout - killing process
[2026-03-14 06:40:59] DAEMON: Starting monitor cycle #130
[2026-03-14 06:40:59] DAEMON: Monitor cycle #130 completed successfully
[2026-03-14 06:40:59] DAEMON: Waiting 300 seconds until next cycle
[2026-03-14 06:41:59] DAEMON: Monitor cycle #130 timeout - killing process
[2026-03-14 06:45:59] DAEMON: Starting monitor cycle #131
[2026-03-14 06:45:59] DAEMON: Monitor cycle #131 completed successfully
[2026-03-14 06:45:59] DAEMON: Waiting 300 seconds until next cycle
[2026-03-14 06:46:59] DAEMON: Monitor cycle #131 timeout - killing process
[2026-03-14 06:50:59] DAEMON: Starting monitor cycle #132
[2026-03-14 06:50:59] DAEMON: Monitor cycle #132 completed successfully
[2026-03-14 06:50:59] DAEMON: Waiting 300 seconds until next cycle
[2026-03-14 06:51:59] DAEMON: Monitor cycle #132 timeout - killing process
[2026-03-14 06:55:59] DAEMON: Starting monitor cycle #133
[2026-03-14 06:55:59] DAEMON: Monitor cycle #133 completed successfully
[2026-03-14 06:55:59] DAEMON: Waiting 300 seconds until next cycle
[2026-03-14 06:56:59] DAEMON: Monitor cycle #133 timeout - killing process
[2026-03-14 07:00:59] DAEMON: Starting monitor cycle #134
[2026-03-14 07:00:59] DAEMON: Monitor cycle #134 completed successfully
[2026-03-14 07:00:59] DAEMON: Waiting 300 seconds until next cycle
[2026-03-14 07:01:59] DAEMON: Monitor cycle #134 timeout - killing process
[2026-03-14 07:05:59] DAEMON: Starting monitor cycle #135
[2026-03-14 07:05:59] DAEMON: Monitor cycle #135 completed successfully
[2026-03-14 07:05:59] DAEMON: Waiting 300 seconds until next cycle
[2026-03-14 07:06:59] DAEMON: Monitor cycle #135 timeout - killing process
[2026-03-14 07:10:59] DAEMON: Starting monitor cycle #136
[2026-03-14 07:10:59] DAEMON: Monitor cycle #136 completed successfully
[2026-03-14 07:10:59] DAEMON: Waiting 300 seconds until next cycle
[2026-03-14 07:11:59] DAEMON: Monitor cycle #136 timeout - killing process
[2026-03-14 07:15:59] DAEMON: Starting monitor cycle #137
[2026-03-14 07:15:59] DAEMON: Monitor cycle #137 completed successfully
[2026-03-14 07:15:59] DAEMON: Waiting 300 seconds until next cycle
[2026-03-14 07:16:59] DAEMON: Monitor cycle #137 timeout - killing process
[2026-03-14 07:21:00] DAEMON: Starting monitor cycle #138
[2026-03-14 07:21:00] DAEMON: Monitor cycle #138 completed successfully
[2026-03-14 07:21:00] DAEMON: Waiting 300 seconds until next cycle
[2026-03-14 07:22:00] DAEMON: Monitor cycle #138 timeout - killing process
[2026-03-14 07:26:00] DAEMON: Starting monitor cycle #139
[2026-03-14 07:26:00] DAEMON: Monitor cycle #139 completed successfully
[2026-03-14 07:26:00] DAEMON: Waiting 300 seconds until next cycle
[2026-03-14 07:27:00] DAEMON: Monitor cycle #139 timeout - killing process
[2026-03-14 07:31:00] DAEMON: Starting monitor cycle #140
[2026-03-14 07:31:00] DAEMON: Monitor cycle #140 completed successfully
[2026-03-14 07:31:00] DAEMON: Waiting 300 seconds until next cycle
[2026-03-14 07:32:00] DAEMON: Monitor cycle #140 timeout - killing process
[2026-03-14 07:36:00] DAEMON: Starting monitor cycle #141
[2026-03-14 07:36:00] DAEMON: Monitor cycle #141 completed successfully
[2026-03-14 07:36:00] DAEMON: Waiting 300 seconds until next cycle
[2026-03-14 07:37:00] DAEMON: Monitor cycle #141 timeout - killing process
[2026-03-14 07:41:00] DAEMON: Starting monitor cycle #142
[2026-03-14 07:41:00] DAEMON: Monitor cycle #142 completed successfully
[2026-03-14 07:41:00] DAEMON: Waiting 300 seconds until next cycle
[2026-03-14 07:42:00] DAEMON: Monitor cycle #142 timeout - killing process
[2026-03-14 07:46:00] DAEMON: Starting monitor cycle #143
[2026-03-14 07:46:00] DAEMON: Monitor cycle #143 completed successfully
[2026-03-14 07:46:00] DAEMON: Waiting 300 seconds until next cycle
[2026-03-14 07:47:00] DAEMON: Monitor cycle #143 timeout - killing process
[2026-03-14 07:51:00] DAEMON: Starting monitor cycle #144
[2026-03-14 07:51:00] DAEMON: Monitor cycle #144 completed successfully
[2026-03-14 07:51:00] DAEMON: Waiting 300 seconds until next cycle
[2026-03-14 07:52:00] DAEMON: Monitor cycle #144 timeout - killing process
[2026-03-14 07:56:00] DAEMON: Starting monitor cycle #145
[2026-03-14 07:56:00] DAEMON: Monitor cycle #145 completed successfully
[2026-03-14 07:56:00] DAEMON: Waiting 300 seconds until next cycle
[2026-03-14 07:57:00] DAEMON: Monitor cycle #145 timeout - killing process
[2026-03-14 08:01:00] DAEMON: Starting monitor cycle #146
[2026-03-14 08:01:01] DAEMON: Monitor cycle #146 completed successfully
[2026-03-14 08:01:01] DAEMON: Waiting 300 seconds until next cycle
[2026-03-14 08:02:01] DAEMON: Monitor cycle #146 timeout - killing process
[2026-03-14 08:06:01] DAEMON: Starting monitor cycle #147
[2026-03-14 08:06:01] DAEMON: Monitor cycle #147 completed successfully
[2026-03-14 08:06:01] DAEMON: Waiting 300 seconds until next cycle
[2026-03-14 08:07:01] DAEMON: Monitor cycle #147 timeout - killing process
[2026-03-14 08:11:01] DAEMON: Starting monitor cycle #148
[2026-03-14 08:11:01] DAEMON: Monitor cycle #148 completed successfully
[2026-03-14 08:11:01] DAEMON: Waiting 300 seconds until next cycle
[2026-03-14 08:12:01] DAEMON: Monitor cycle #148 timeout - killing process
[2026-03-14 08:16:01] DAEMON: Starting monitor cycle #149
[2026-03-14 08:16:01] DAEMON: Monitor cycle #149 completed successfully
[2026-03-14 08:16:01] DAEMON: Waiting 300 seconds until next cycle
[2026-03-14 08:17:01] DAEMON: Monitor cycle #149 timeout - killing process
[2026-03-14 08:21:01] DAEMON: Starting monitor cycle #150
[2026-03-14 08:21:01] DAEMON: Monitor cycle #150 completed successfully
[2026-03-14 08:21:01] DAEMON: Waiting 300 seconds until next cycle
[2026-03-14 08:22:01] DAEMON: Monitor cycle #150 timeout - killing process
[2026-03-14 08:26:01] DAEMON: Starting monitor cycle #151
[2026-03-14 08:26:01] DAEMON: Monitor cycle #151 completed successfully
[2026-03-14 08:26:01] DAEMON: Waiting 300 seconds until next cycle
[2026-03-14 08:27:01] DAEMON: Monitor cycle #151 timeout - killing process
[2026-03-14 08:31:01] DAEMON: Starting monitor cycle #152
[2026-03-14 08:31:01] DAEMON: Monitor cycle #152 completed successfully
[2026-03-14 08:31:01] DAEMON: Waiting 300 seconds until next cycle
[2026-03-14 08:32:01] DAEMON: Monitor cycle #152 timeout - killing process
[2026-03-14 08:36:01] DAEMON: Starting monitor cycle #153
[2026-03-14 08:36:01] DAEMON: Monitor cycle #153 completed successfully
[2026-03-14 08:36:01] DAEMON: Waiting 300 seconds until next cycle
[2026-03-14 08:37:01] DAEMON: Monitor cycle #153 timeout - killing process
[2026-03-14 08:41:02] DAEMON: Starting monitor cycle #154
[2026-03-14 08:41:02] DAEMON: Monitor cycle #154 completed successfully
[2026-03-14 08:41:02] DAEMON: Waiting 300 seconds until next cycle
[2026-03-14 08:42:02] DAEMON: Monitor cycle #154 timeout - killing process
[2026-03-14 08:46:02] DAEMON: Starting monitor cycle #155
[2026-03-14 08:46:02] DAEMON: Monitor cycle #155 completed successfully
[2026-03-14 08:46:02] DAEMON: Waiting 300 seconds until next cycle
[2026-03-14 08:47:02] DAEMON: Monitor cycle #155 timeout - killing process
[2026-03-14 08:51:02] DAEMON: Starting monitor cycle #156
[2026-03-14 08:51:02] DAEMON: Monitor cycle #156 completed successfully
[2026-03-14 08:51:02] DAEMON: Waiting 300 seconds until next cycle
[2026-03-14 08:52:02] DAEMON: Monitor cycle #156 timeout - killing process
[2026-03-14 08:56:02] DAEMON: Starting monitor cycle #157
[2026-03-14 08:56:02] DAEMON: Monitor cycle #157 completed successfully
[2026-03-14 08:56:02] DAEMON: Waiting 300 seconds until next cycle
[2026-03-14 08:57:02] DAEMON: Monitor cycle #157 timeout - killing process
[2026-03-14 09:01:02] DAEMON: Starting monitor cycle #158
[2026-03-14 09:01:02] DAEMON: Monitor cycle #158 completed successfully
[2026-03-14 09:01:02] DAEMON: Waiting 300 seconds until next cycle
[2026-03-14 09:02:02] DAEMON: Monitor cycle #158 timeout - killing process
[2026-03-14 09:06:02] DAEMON: Starting monitor cycle #159
[2026-03-14 09:06:02] DAEMON: Monitor cycle #159 completed successfully
[2026-03-14 09:06:02] DAEMON: Waiting 300 seconds until next cycle
[2026-03-14 09:07:02] DAEMON: Monitor cycle #159 timeout - killing process
[2026-03-14 09:11:02] DAEMON: Starting monitor cycle #160
[2026-03-14 09:11:02] DAEMON: Monitor cycle #160 completed successfully
[2026-03-14 09:11:02] DAEMON: Waiting 300 seconds until next cycle
[2026-03-14 09:12:02] DAEMON: Monitor cycle #160 timeout - killing process
[2026-03-14 09:16:02] DAEMON: Starting monitor cycle #161
[2026-03-14 09:16:02] DAEMON: Monitor cycle #161 completed successfully
[2026-03-14 09:16:02] DAEMON: Waiting 300 seconds until next cycle
[2026-03-14 09:17:02] DAEMON: Monitor cycle #161 timeout - killing process
[2026-03-14 09:21:03] DAEMON: Starting monitor cycle #162
[2026-03-14 09:21:03] DAEMON: Monitor cycle #162 completed successfully
[2026-03-14 09:21:03] DAEMON: Waiting 300 seconds until next cycle
[2026-03-14 09:22:03] DAEMON: Monitor cycle #162 timeout - killing process
[2026-03-14 09:26:03] DAEMON: Starting monitor cycle #163
[2026-03-14 09:26:03] DAEMON: Monitor cycle #163 completed successfully
[2026-03-14 09:26:03] DAEMON: Waiting 300 seconds until next cycle
[2026-03-14 09:27:03] DAEMON: Monitor cycle #163 timeout - killing process
[2026-03-14 09:31:03] DAEMON: Starting monitor cycle #164
[2026-03-14 09:31:03] DAEMON: Monitor cycle #164 completed successfully
[2026-03-14 09:31:03] DAEMON: Waiting 300 seconds until next cycle
[2026-03-14 09:32:03] DAEMON: Monitor cycle #164 timeout - killing process
[2026-03-14 09:36:03] DAEMON: Starting monitor cycle #165
[2026-03-14 09:36:03] DAEMON: Monitor cycle #165 completed successfully
[2026-03-14 09:36:03] DAEMON: Waiting 300 seconds until next cycle
[2026-03-14 09:37:03] DAEMON: Monitor cycle #165 timeout - killing process
[2026-03-14 09:41:03] DAEMON: Starting monitor cycle #166
[2026-03-14 09:41:03] DAEMON: Monitor cycle #166 completed successfully
[2026-03-14 09:41:03] DAEMON: Waiting 300 seconds until next cycle
[2026-03-14 09:42:03] DAEMON: Monitor cycle #166 timeout - killing process
[2026-03-14 09:46:03] DAEMON: Starting monitor cycle #167
[2026-03-14 09:46:03] DAEMON: Monitor cycle #167 completed successfully
[2026-03-14 09:46:03] DAEMON: Waiting 300 seconds until next cycle
[2026-03-14 09:47:03] DAEMON: Monitor cycle #167 timeout - killing process
[2026-03-14 09:51:03] DAEMON: Starting monitor cycle #168
[2026-03-14 09:51:03] DAEMON: Monitor cycle #168 completed successfully
[2026-03-14 09:51:03] DAEMON: Waiting 300 seconds until next cycle
[2026-03-14 09:52:03] DAEMON: Monitor cycle #168 timeout - killing process
[2026-03-14 09:56:04] DAEMON: Starting monitor cycle #169
[2026-03-14 09:56:04] DAEMON: Monitor cycle #169 completed successfully
[2026-03-14 09:56:04] DAEMON: Waiting 300 seconds until next cycle
[2026-03-14 09:57:04] DAEMON: Monitor cycle #169 timeout - killing process
[2026-03-14 10:01:04] DAEMON: Starting monitor cycle #170
[2026-03-14 10:01:04] DAEMON: Monitor cycle #170 completed successfully
[2026-03-14 10:01:04] DAEMON: Waiting 300 seconds until next cycle
[2026-03-14 10:02:04] DAEMON: Monitor cycle #170 timeout - killing process
[2026-03-14 10:06:04] DAEMON: Starting monitor cycle #171
[2026-03-14 10:06:04] DAEMON: Monitor cycle #171 completed successfully
[2026-03-14 10:06:04] DAEMON: Waiting 300 seconds until next cycle
[2026-03-14 10:07:04] DAEMON: Monitor cycle #171 timeout - killing process
[2026-03-14 10:11:04] DAEMON: Starting monitor cycle #172
[2026-03-14 10:11:04] DAEMON: Monitor cycle #172 completed successfully
[2026-03-14 10:11:04] DAEMON: Waiting 300 seconds until next cycle
[2026-03-14 10:12:04] DAEMON: Monitor cycle #172 timeout - killing process
[2026-03-14 10:16:04] DAEMON: Starting monitor cycle #173
[2026-03-14 10:16:04] DAEMON: Monitor cycle #173 completed successfully
[2026-03-14 10:16:04] DAEMON: Waiting 300 seconds until next cycle
[2026-03-14 10:17:04] DAEMON: Monitor cycle #173 timeout - killing process
[2026-03-14 10:21:04] DAEMON: Starting monitor cycle #174
[2026-03-14 10:21:04] DAEMON: Monitor cycle #174 completed successfully
[2026-03-14 10:21:04] DAEMON: Waiting 300 seconds until next cycle
[2026-03-14 10:22:04] DAEMON: Monitor cycle #174 timeout - killing process
[2026-03-14 10:26:04] DAEMON: Starting monitor cycle #175
[2026-03-14 10:26:04] DAEMON: Monitor cycle #175 completed successfully
[2026-03-14 10:26:04] DAEMON: Waiting 300 seconds until next cycle
[2026-03-14 10:27:04] DAEMON: Monitor cycle #175 timeout - killing process
[2026-03-14 10:31:04] DAEMON: Starting monitor cycle #176
[2026-03-14 10:31:04] DAEMON: Monitor cycle #176 completed successfully
[2026-03-14 10:31:04] DAEMON: Waiting 300 seconds until next cycle
[2026-03-14 10:32:04] DAEMON: Monitor cycle #176 timeout - killing process
[2026-03-14 10:36:04] DAEMON: Starting monitor cycle #177
[2026-03-14 10:36:04] DAEMON: Monitor cycle #177 completed successfully
[2026-03-14 10:36:04] DAEMON: Waiting 300 seconds until next cycle
[2026-03-14 10:37:04] DAEMON: Monitor cycle #177 timeout - killing process
[2026-03-14 10:41:04] DAEMON: Starting monitor cycle #178
[2026-03-14 10:41:05] DAEMON: Monitor cycle #178 completed successfully
[2026-03-14 10:41:05] DAEMON: Waiting 300 seconds until next cycle
[2026-03-14 10:42:05] DAEMON: Monitor cycle #178 timeout - killing process
[2026-03-14 10:46:05] DAEMON: Starting monitor cycle #179
[2026-03-14 10:46:05] DAEMON: Monitor cycle #179 completed successfully
[2026-03-14 10:46:05] DAEMON: Waiting 300 seconds until next cycle
[2026-03-14 10:47:05] DAEMON: Monitor cycle #179 timeout - killing process
[2026-03-14 10:51:05] DAEMON: Starting monitor cycle #180
[2026-03-14 10:51:05] DAEMON: Monitor cycle #180 completed successfully
[2026-03-14 10:51:05] DAEMON: Waiting 300 seconds until next cycle
[2026-03-14 10:52:05] DAEMON: Monitor cycle #180 timeout - killing process
[2026-03-14 10:56:05] DAEMON: Starting monitor cycle #181
[2026-03-14 10:56:05] DAEMON: Monitor cycle #181 completed successfully
[2026-03-14 10:56:05] DAEMON: Waiting 300 seconds until next cycle
[2026-03-14 10:57:05] DAEMON: Monitor cycle #181 timeout - killing process
[2026-03-14 11:01:05] DAEMON: Starting monitor cycle #182
[2026-03-14 11:01:05] DAEMON: Monitor cycle #182 completed successfully
[2026-03-14 11:01:05] DAEMON: Waiting 300 seconds until next cycle
[2026-03-14 11:02:05] DAEMON: Monitor cycle #182 timeout - killing process
[2026-03-14 11:06:05] DAEMON: Starting monitor cycle #183
[2026-03-14 11:06:05] DAEMON: Monitor cycle #183 completed successfully
[2026-03-14 11:06:05] DAEMON: Waiting 300 seconds until next cycle
[2026-03-14 11:07:05] DAEMON: Monitor cycle #183 timeout - killing process
[2026-03-14 11:11:05] DAEMON: Starting monitor cycle #184
[2026-03-14 11:11:05] DAEMON: Monitor cycle #184 completed successfully
[2026-03-14 11:11:05] DAEMON: Waiting 300 seconds until next cycle
[2026-03-14 11:12:05] DAEMON: Monitor cycle #184 timeout - killing process
[2026-03-14 11:16:05] DAEMON: Starting monitor cycle #185
[2026-03-14 11:16:05] DAEMON: Monitor cycle #185 completed successfully
[2026-03-14 11:16:05] DAEMON: Waiting 300 seconds until next cycle
[2026-03-14 11:17:05] DAEMON: Monitor cycle #185 timeout - killing process
[2026-03-14 11:21:05] DAEMON: Starting monitor cycle #186
[2026-03-14 11:21:05] DAEMON: Monitor cycle #186 completed successfully
[2026-03-14 11:21:05] DAEMON: Waiting 300 seconds until next cycle
[2026-03-14 11:22:05] DAEMON: Monitor cycle #186 timeout - killing process
[2026-03-14 11:26:05] DAEMON: Starting monitor cycle #187
[2026-03-14 11:26:05] DAEMON: Monitor cycle #187 completed successfully
[2026-03-14 11:26:05] DAEMON: Waiting 300 seconds until next cycle
[2026-03-14 11:27:05] DAEMON: Monitor cycle #187 timeout - killing process
[2026-03-14 11:31:06] DAEMON: Starting monitor cycle #188
[2026-03-14 11:31:06] DAEMON: Monitor cycle #188 completed successfully
[2026-03-14 11:31:06] DAEMON: Waiting 300 seconds until next cycle
[2026-03-14 11:32:06] DAEMON: Monitor cycle #188 timeout - killing process
[2026-03-14 11:36:06] DAEMON: Starting monitor cycle #189
[2026-03-14 11:36:06] DAEMON: Monitor cycle #189 completed successfully
[2026-03-14 11:36:06] DAEMON: Waiting 300 seconds until next cycle
[2026-03-14 11:37:06] DAEMON: Monitor cycle #189 timeout - killing process
[2026-03-14 11:41:06] DAEMON: Starting monitor cycle #190
[2026-03-14 11:41:06] DAEMON: Monitor cycle #190 completed successfully
[2026-03-14 11:41:06] DAEMON: Waiting 300 seconds until next cycle
[2026-03-14 11:42:06] DAEMON: Monitor cycle #190 timeout - killing process
[2026-03-14 11:46:06] DAEMON: Starting monitor cycle #191
[2026-03-14 11:46:06] DAEMON: Monitor cycle #191 completed successfully
[2026-03-14 11:46:06] DAEMON: Waiting 300 seconds until next cycle
[2026-03-14 11:47:06] DAEMON: Monitor cycle #191 timeout - killing process
[2026-03-14 11:51:06] DAEMON: Starting monitor cycle #192
[2026-03-14 11:51:06] DAEMON: Monitor cycle #192 completed successfully
[2026-03-14 11:51:06] DAEMON: Waiting 300 seconds until next cycle
[2026-03-14 11:52:06] DAEMON: Monitor cycle #192 timeout - killing process
[2026-03-14 11:56:06] DAEMON: Starting monitor cycle #193
[2026-03-14 11:56:06] DAEMON: Monitor cycle #193 completed successfully
[2026-03-14 11:56:06] DAEMON: Waiting 300 seconds until next cycle
[2026-03-14 11:57:06] DAEMON: Monitor cycle #193 timeout - killing process
[2026-03-14 12:01:06] DAEMON: Starting monitor cycle #194
[2026-03-14 12:01:06] DAEMON: Monitor cycle #194 completed successfully
[2026-03-14 12:01:06] DAEMON: Waiting 300 seconds until next cycle
[2026-03-14 12:02:06] DAEMON: Monitor cycle #194 timeout - killing process
[2026-03-14 12:06:06] DAEMON: Starting monitor cycle #195
[2026-03-14 12:06:06] DAEMON: Monitor cycle #195 completed successfully
[2026-03-14 12:06:06] DAEMON: Waiting 300 seconds until next cycle
[2026-03-14 12:07:06] DAEMON: Monitor cycle #195 timeout - killing process
[2026-03-14 12:11:06] DAEMON: Starting monitor cycle #196
[2026-03-14 12:11:07] DAEMON: Monitor cycle #196 completed successfully
[2026-03-14 12:11:07] DAEMON: Waiting 300 seconds until next cycle
[2026-03-14 12:12:07] DAEMON: Monitor cycle #196 timeout - killing process
[2026-03-14 12:16:07] DAEMON: Starting monitor cycle #197
[2026-03-14 12:16:07] DAEMON: Monitor cycle #197 completed successfully
[2026-03-14 12:16:07] DAEMON: Waiting 300 seconds until next cycle
[2026-03-14 12:17:07] DAEMON: Monitor cycle #197 timeout - killing process
[2026-03-14 12:21:07] DAEMON: Starting monitor cycle #198
[2026-03-14 12:21:07] DAEMON: Monitor cycle #198 completed successfully
[2026-03-14 12:21:07] DAEMON: Waiting 300 seconds until next cycle
[2026-03-14 12:22:07] DAEMON: Monitor cycle #198 timeout - killing process
[2026-03-14 12:26:07] DAEMON: Starting monitor cycle #199
[2026-03-14 12:26:07] DAEMON: Monitor cycle #199 completed successfully
[2026-03-14 12:26:07] DAEMON: Waiting 300 seconds until next cycle
[2026-03-14 12:27:07] DAEMON: Monitor cycle #199 timeout - killing process
[2026-03-14 12:31:07] DAEMON: Starting monitor cycle #200
[2026-03-14 12:31:07] DAEMON: Monitor cycle #200 completed successfully
[2026-03-14 12:31:07] DAEMON: Waiting 300 seconds until next cycle
[2026-03-14 12:32:07] DAEMON: Monitor cycle #200 timeout - killing process
[2026-03-14 12:36:07] DAEMON: Starting monitor cycle #201
[2026-03-14 12:36:07] DAEMON: Monitor cycle #201 completed successfully
[2026-03-14 12:36:07] DAEMON: Waiting 300 seconds until next cycle
[2026-03-14 12:37:07] DAEMON: Monitor cycle #201 timeout - killing process
[2026-03-14 12:41:07] DAEMON: Starting monitor cycle #202
[2026-03-14 12:41:07] DAEMON: Monitor cycle #202 completed successfully
[2026-03-14 12:41:07] DAEMON: Waiting 300 seconds until next cycle
[2026-03-14 12:42:07] DAEMON: Monitor cycle #202 timeout - killing process
[2026-03-14 12:46:07] DAEMON: Starting monitor cycle #203
[2026-03-14 12:46:07] DAEMON: Monitor cycle #203 completed successfully
[2026-03-14 12:46:07] DAEMON: Waiting 300 seconds until next cycle
[2026-03-14 12:47:07] DAEMON: Monitor cycle #203 timeout - killing process
[2026-03-14 12:51:07] DAEMON: Starting monitor cycle #204
[2026-03-14 12:51:07] DAEMON: Monitor cycle #204 completed successfully
[2026-03-14 12:51:07] DAEMON: Waiting 300 seconds until next cycle
[2026-03-14 12:52:07] DAEMON: Monitor cycle #204 timeout - killing process
[2026-03-14 12:56:07] DAEMON: Starting monitor cycle #205
[2026-03-14 12:56:08] DAEMON: Monitor cycle #205 completed successfully
[2026-03-14 12:56:08] DAEMON: Waiting 300 seconds until next cycle
[2026-03-14 12:57:08] DAEMON: Monitor cycle #205 timeout - killing process
[2026-03-14 13:01:08] DAEMON: Starting monitor cycle #206
[2026-03-14 13:01:08] DAEMON: Monitor cycle #206 completed successfully
[2026-03-14 13:01:08] DAEMON: Waiting 300 seconds until next cycle
[2026-03-14 13:02:08] DAEMON: Monitor cycle #206 timeout - killing process
[2026-03-14 13:06:08] DAEMON: Starting monitor cycle #207
[2026-03-14 13:06:08] DAEMON: Monitor cycle #207 completed successfully
[2026-03-14 13:06:08] DAEMON: Waiting 300 seconds until next cycle
[2026-03-14 13:07:08] DAEMON: Monitor cycle #207 timeout - killing process
[2026-03-14 13:11:08] DAEMON: Starting monitor cycle #208
[2026-03-14 13:11:08] DAEMON: Monitor cycle #208 completed successfully
[2026-03-14 13:11:08] DAEMON: Waiting 300 seconds until next cycle
[2026-03-14 13:12:08] DAEMON: Monitor cycle #208 timeout - killing process
[2026-03-14 13:16:08] DAEMON: Starting monitor cycle #209
[2026-03-14 13:16:08] DAEMON: Monitor cycle #209 completed successfully
[2026-03-14 13:16:08] DAEMON: Waiting 300 seconds until next cycle
[2026-03-14 13:17:08] DAEMON: Monitor cycle #209 timeout - killing process
[2026-03-14 13:21:08] DAEMON: Starting monitor cycle #210
[2026-03-14 13:21:08] DAEMON: Monitor cycle #210 completed successfully
[2026-03-14 13:21:08] DAEMON: Waiting 300 seconds until next cycle
[2026-03-14 13:22:08] DAEMON: Monitor cycle #210 timeout - killing process
[2026-03-14 13:26:08] DAEMON: Starting monitor cycle #211
[2026-03-14 13:26:08] DAEMON: Monitor cycle #211 completed successfully
[2026-03-14 13:26:08] DAEMON: Waiting 300 seconds until next cycle
[2026-03-14 13:27:08] DAEMON: Monitor cycle #211 timeout - killing process
[2026-03-14 13:31:08] DAEMON: Starting monitor cycle #212
[2026-03-14 13:31:08] DAEMON: Monitor cycle #212 completed successfully
[2026-03-14 13:31:08] DAEMON: Waiting 300 seconds until next cycle
[2026-03-14 13:32:08] DAEMON: Monitor cycle #212 timeout - killing process
[2026-03-14 13:36:09] DAEMON: Starting monitor cycle #213
[2026-03-14 13:36:09] DAEMON: Monitor cycle #213 completed successfully
[2026-03-14 13:36:09] DAEMON: Waiting 300 seconds until next cycle
[2026-03-14 13:37:09] DAEMON: Monitor cycle #213 timeout - killing process
[2026-03-14 13:41:09] DAEMON: Starting monitor cycle #214
[2026-03-14 13:41:09] DAEMON: Monitor cycle #214 completed successfully
[2026-03-14 13:41:09] DAEMON: Waiting 300 seconds until next cycle
[2026-03-14 13:42:09] DAEMON: Monitor cycle #214 timeout - killing process
[2026-03-14 13:46:09] DAEMON: Starting monitor cycle #215
[2026-03-14 13:46:09] DAEMON: Monitor cycle #215 completed successfully
[2026-03-14 13:46:09] DAEMON: Waiting 300 seconds until next cycle
[2026-03-14 13:47:09] DAEMON: Monitor cycle #215 timeout - killing process
[2026-03-14 13:51:09] DAEMON: Starting monitor cycle #216
[2026-03-14 13:51:09] DAEMON: Monitor cycle #216 completed successfully
[2026-03-14 13:51:09] DAEMON: Waiting 300 seconds until next cycle
[2026-03-14 13:52:09] DAEMON: Monitor cycle #216 timeout - killing process
[2026-03-14 13:56:09] DAEMON: Starting monitor cycle #217
[2026-03-14 13:56:09] DAEMON: Monitor cycle #217 completed successfully
[2026-03-14 13:56:09] DAEMON: Waiting 300 seconds until next cycle
[2026-03-14 13:57:09] DAEMON: Monitor cycle #217 timeout - killing process
[2026-03-14 14:01:09] DAEMON: Starting monitor cycle #218
[2026-03-14 14:01:09] DAEMON: Monitor cycle #218 completed successfully
[2026-03-14 14:01:09] DAEMON: Waiting 300 seconds until next cycle
[2026-03-14 14:02:09] DAEMON: Monitor cycle #218 timeout - killing process
[2026-03-14 14:06:09] DAEMON: Starting monitor cycle #219
[2026-03-14 14:06:09] DAEMON: Monitor cycle #219 completed successfully
[2026-03-14 14:06:09] DAEMON: Waiting 300 seconds until next cycle
[2026-03-14 14:07:09] DAEMON: Monitor cycle #219 timeout - killing process
[2026-03-14 14:11:09] DAEMON: Starting monitor cycle #220
[2026-03-14 14:11:09] DAEMON: Monitor cycle #220 completed successfully
[2026-03-14 14:11:09] DAEMON: Waiting 300 seconds until next cycle
[2026-03-14 14:12:09] DAEMON: Monitor cycle #220 timeout - killing process
[2026-03-14 14:16:09] DAEMON: Starting monitor cycle #221
[2026-03-14 14:16:09] DAEMON: Monitor cycle #221 completed successfully
[2026-03-14 14:16:09] DAEMON: Waiting 300 seconds until next cycle
[2026-03-14 14:17:09] DAEMON: Monitor cycle #221 timeout - killing process
[2026-03-14 14:21:09] DAEMON: Starting monitor cycle #222
[2026-03-14 14:21:10] DAEMON: Monitor cycle #222 completed successfully
[2026-03-14 14:21:10] DAEMON: Waiting 300 seconds until next cycle
[2026-03-14 14:22:09] DAEMON: Monitor cycle #222 timeout - killing process
[2026-03-14 14:26:10] DAEMON: Starting monitor cycle #223
[2026-03-14 14:26:10] DAEMON: Monitor cycle #223 completed successfully
[2026-03-14 14:26:10] DAEMON: Waiting 300 seconds until next cycle
[2026-03-14 14:27:10] DAEMON: Monitor cycle #223 timeout - killing process
[2026-03-14 14:31:10] DAEMON: Starting monitor cycle #224
[2026-03-14 14:31:10] DAEMON: Monitor cycle #224 completed successfully
[2026-03-14 14:31:10] DAEMON: Waiting 300 seconds until next cycle
[2026-03-14 14:32:10] DAEMON: Monitor cycle #224 timeout - killing process
[2026-03-14 14:36:10] DAEMON: Starting monitor cycle #225
[2026-03-14 14:36:10] DAEMON: Monitor cycle #225 completed successfully
[2026-03-14 14:36:10] DAEMON: Waiting 300 seconds until next cycle
[2026-03-14 14:37:10] DAEMON: Monitor cycle #225 timeout - killing process
[2026-03-14 14:41:10] DAEMON: Starting monitor cycle #226
[2026-03-14 14:41:10] DAEMON: Monitor cycle #226 completed successfully
[2026-03-14 14:41:10] DAEMON: Waiting 300 seconds until next cycle
[2026-03-14 14:42:10] DAEMON: Monitor cycle #226 timeout - killing process
[2026-03-14 14:46:10] DAEMON: Starting monitor cycle #227
[2026-03-14 14:46:10] DAEMON: Monitor cycle #227 completed successfully
[2026-03-14 14:46:10] DAEMON: Waiting 300 seconds until next cycle
[2026-03-14 14:47:10] DAEMON: Monitor cycle #227 timeout - killing process
[2026-03-14 14:51:10] DAEMON: Starting monitor cycle #228
[2026-03-14 14:51:10] DAEMON: Monitor cycle #228 completed successfully
[2026-03-14 14:51:10] DAEMON: Waiting 300 seconds until next cycle
[2026-03-14 14:52:10] DAEMON: Monitor cycle #228 timeout - killing process
[2026-03-14 14:56:10] DAEMON: Starting monitor cycle #229
[2026-03-14 14:56:10] DAEMON: Monitor cycle #229 completed successfully
[2026-03-14 14:56:10] DAEMON: Waiting 300 seconds until next cycle
[2026-03-14 14:57:10] DAEMON: Monitor cycle #229 timeout - killing process
[2026-03-14 15:01:10] DAEMON: Starting monitor cycle #230
[2026-03-14 15:01:10] DAEMON: Monitor cycle #230 completed successfully
[2026-03-14 15:01:10] DAEMON: Waiting 300 seconds until next cycle
[2026-03-14 15:02:10] DAEMON: Monitor cycle #230 timeout - killing process
[2026-03-14 15:06:10] DAEMON: Starting monitor cycle #231
[2026-03-14 15:06:10] DAEMON: Monitor cycle #231 completed successfully
[2026-03-14 15:06:10] DAEMON: Waiting 300 seconds until next cycle
[2026-03-14 15:07:10] DAEMON: Monitor cycle #231 timeout - killing process
[2026-03-14 15:11:11] DAEMON: Starting monitor cycle #232
[2026-03-14 15:11:11] DAEMON: Monitor cycle #232 completed successfully
[2026-03-14 15:11:11] DAEMON: Waiting 300 seconds until next cycle
[2026-03-14 15:12:11] DAEMON: Monitor cycle #232 timeout - killing process
[2026-03-14 15:16:11] DAEMON: Starting monitor cycle #233
[2026-03-14 15:16:11] DAEMON: Monitor cycle #233 completed successfully
[2026-03-14 15:16:11] DAEMON: Waiting 300 seconds until next cycle
[2026-03-14 15:17:11] DAEMON: Monitor cycle #233 timeout - killing process
[2026-03-14 15:21:11] DAEMON: Starting monitor cycle #234
[2026-03-14 15:21:11] DAEMON: Monitor cycle #234 completed successfully
[2026-03-14 15:21:11] DAEMON: Waiting 300 seconds until next cycle
[2026-03-14 15:22:11] DAEMON: Monitor cycle #234 timeout - killing process
[2026-03-14 15:26:11] DAEMON: Starting monitor cycle #235
[2026-03-14 15:26:11] DAEMON: Monitor cycle #235 completed successfully
[2026-03-14 15:26:11] DAEMON: Waiting 300 seconds until next cycle
[2026-03-14 15:27:11] DAEMON: Monitor cycle #235 timeout - killing process
[2026-03-14 15:31:11] DAEMON: Starting monitor cycle #236
[2026-03-14 15:31:11] DAEMON: Monitor cycle #236 completed successfully
[2026-03-14 15:31:11] DAEMON: Waiting 300 seconds until next cycle
[2026-03-14 15:32:11] DAEMON: Monitor cycle #236 timeout - killing process
[2026-03-14 15:36:11] DAEMON: Starting monitor cycle #237
[2026-03-14 15:36:11] DAEMON: Monitor cycle #237 completed successfully
[2026-03-14 15:36:11] DAEMON: Waiting 300 seconds until next cycle
[2026-03-14 15:37:11] DAEMON: Monitor cycle #237 timeout - killing process
[2026-03-14 15:41:11] DAEMON: Starting monitor cycle #238
[2026-03-14 15:41:11] DAEMON: Monitor cycle #238 completed successfully
[2026-03-14 15:41:11] DAEMON: Waiting 300 seconds until next cycle
[2026-03-14 15:42:11] DAEMON: Monitor cycle #238 timeout - killing process
[2026-03-14 15:46:11] DAEMON: Starting monitor cycle #239
[2026-03-14 15:46:11] DAEMON: Monitor cycle #239 completed successfully
[2026-03-14 15:46:11] DAEMON: Waiting 300 seconds until next cycle
[2026-03-14 15:47:11] DAEMON: Monitor cycle #239 timeout - killing process
[2026-03-14 15:51:11] DAEMON: Starting monitor cycle #240
[2026-03-14 15:51:11] DAEMON: Monitor cycle #240 completed successfully
[2026-03-14 15:51:11] DAEMON: Waiting 300 seconds until next cycle
[2026-03-14 15:52:11] DAEMON: Monitor cycle #240 timeout - killing process
[2026-03-14 15:56:12] DAEMON: Starting monitor cycle #241
[2026-03-14 15:56:12] DAEMON: Monitor cycle #241 completed successfully
[2026-03-14 15:56:12] DAEMON: Waiting 300 seconds until next cycle
[2026-03-14 15:57:12] DAEMON: Monitor cycle #241 timeout - killing process
[2026-03-14 16:01:12] DAEMON: Starting monitor cycle #242
[2026-03-14 16:01:12] DAEMON: Monitor cycle #242 completed successfully
[2026-03-14 16:01:12] DAEMON: Waiting 300 seconds until next cycle
[2026-03-14 16:02:12] DAEMON: Monitor cycle #242 timeout - killing process
[2026-03-14 16:06:12] DAEMON: Starting monitor cycle #243
[2026-03-14 16:06:12] DAEMON: Monitor cycle #243 completed successfully
[2026-03-14 16:06:12] DAEMON: Waiting 300 seconds until next cycle
[2026-03-14 16:07:12] DAEMON: Monitor cycle #243 timeout - killing process
[2026-03-14 16:11:12] DAEMON: Starting monitor cycle #244
[2026-03-14 16:11:12] DAEMON: Monitor cycle #244 completed successfully
[2026-03-14 16:11:12] DAEMON: Waiting 300 seconds until next cycle
[2026-03-14 16:12:12] DAEMON: Monitor cycle #244 timeout - killing process
[2026-03-14 16:16:12] DAEMON: Starting monitor cycle #245
[2026-03-14 16:16:12] DAEMON: Monitor cycle #245 completed successfully
[2026-03-14 16:16:12] DAEMON: Waiting 300 seconds until next cycle
[2026-03-14 16:17:12] DAEMON: Monitor cycle #245 timeout - killing process
[2026-03-14 16:21:12] DAEMON: Starting monitor cycle #246
[2026-03-14 16:21:12] DAEMON: Monitor cycle #246 completed successfully
[2026-03-14 16:21:12] DAEMON: Waiting 300 seconds until next cycle
[2026-03-14 16:22:12] DAEMON: Monitor cycle #246 timeout - killing process
[2026-03-14 16:26:12] DAEMON: Starting monitor cycle #247
[2026-03-14 16:26:12] DAEMON: Monitor cycle #247 completed successfully
[2026-03-14 16:26:12] DAEMON: Waiting 300 seconds until next cycle
[2026-03-14 16:27:12] DAEMON: Monitor cycle #247 timeout - killing process
[2026-03-14 16:31:12] DAEMON: Starting monitor cycle #248
[2026-03-14 16:31:12] DAEMON: Monitor cycle #248 completed successfully
[2026-03-14 16:31:12] DAEMON: Waiting 300 seconds until next cycle
[2026-03-14 16:32:12] DAEMON: Monitor cycle #248 timeout - killing process
[2026-03-14 16:36:13] DAEMON: Starting monitor cycle #249
[2026-03-14 16:36:13] DAEMON: Monitor cycle #249 completed successfully
[2026-03-14 16:36:13] DAEMON: Waiting 300 seconds until next cycle
[2026-03-14 16:37:13] DAEMON: Monitor cycle #249 timeout - killing process
[2026-03-14 16:41:13] DAEMON: Starting monitor cycle #250
[2026-03-14 16:41:13] DAEMON: Monitor cycle #250 completed successfully
[2026-03-14 16:41:13] DAEMON: Waiting 300 seconds until next cycle
[2026-03-14 16:42:13] DAEMON: Monitor cycle #250 timeout - killing process
[2026-03-14 16:46:13] DAEMON: Starting monitor cycle #251
[2026-03-14 16:46:13] DAEMON: Monitor cycle #251 completed successfully
[2026-03-14 16:46:13] DAEMON: Waiting 300 seconds until next cycle
[2026-03-14 16:47:13] DAEMON: Monitor cycle #251 timeout - killing process
[2026-03-14 16:51:13] DAEMON: Starting monitor cycle #252
[2026-03-14 16:51:13] DAEMON: Monitor cycle #252 completed successfully
[2026-03-14 16:51:13] DAEMON: Waiting 300 seconds until next cycle
[2026-03-14 16:52:13] DAEMON: Monitor cycle #252 timeout - killing process
[2026-03-14 16:56:13] DAEMON: Starting monitor cycle #253
[2026-03-14 16:56:13] DAEMON: Monitor cycle #253 completed successfully
[2026-03-14 16:56:13] DAEMON: Waiting 300 seconds until next cycle
[2026-03-14 16:57:13] DAEMON: Monitor cycle #253 timeout - killing process
[2026-03-14 17:01:13] DAEMON: Starting monitor cycle #254
[2026-03-14 17:01:13] DAEMON: Monitor cycle #254 completed successfully
[2026-03-14 17:01:13] DAEMON: Waiting 300 seconds until next cycle
[2026-03-14 17:02:13] DAEMON: Monitor cycle #254 timeout - killing process
[2026-03-14 17:06:13] DAEMON: Starting monitor cycle #255
[2026-03-14 17:06:13] DAEMON: Monitor cycle #255 completed successfully
[2026-03-14 17:06:13] DAEMON: Waiting 300 seconds until next cycle
[2026-03-14 17:07:13] DAEMON: Monitor cycle #255 timeout - killing process
[2026-03-14 17:11:13] DAEMON: Starting monitor cycle #256
[2026-03-14 17:11:13] DAEMON: Monitor cycle #256 completed successfully
[2026-03-14 17:11:13] DAEMON: Waiting 300 seconds until next cycle
[2026-03-14 17:12:13] DAEMON: Monitor cycle #256 timeout - killing process
[2026-03-14 17:16:13] DAEMON: Starting monitor cycle #257
[2026-03-14 17:16:14] DAEMON: Monitor cycle #257 completed successfully
[2026-03-14 17:16:14] DAEMON: Waiting 300 seconds until next cycle
[2026-03-14 17:17:13] DAEMON: Monitor cycle #257 timeout - killing process
[2026-03-14 17:21:14] DAEMON: Starting monitor cycle #258
[2026-03-14 17:21:14] DAEMON: Monitor cycle #258 completed successfully
[2026-03-14 17:21:14] DAEMON: Waiting 300 seconds until next cycle
[2026-03-14 17:22:14] DAEMON: Monitor cycle #258 timeout - killing process
[2026-03-14 17:26:14] DAEMON: Starting monitor cycle #259
[2026-03-14 17:26:14] DAEMON: Monitor cycle #259 completed successfully
[2026-03-14 17:26:14] DAEMON: Waiting 300 seconds until next cycle
[2026-03-14 17:27:14] DAEMON: Monitor cycle #259 timeout - killing process
[2026-03-14 17:31:14] DAEMON: Starting monitor cycle #260
[2026-03-14 17:31:14] DAEMON: Monitor cycle #260 completed successfully
[2026-03-14 17:31:14] DAEMON: Waiting 300 seconds until next cycle
[2026-03-14 17:32:14] DAEMON: Monitor cycle #260 timeout - killing process
[2026-03-14 17:36:14] DAEMON: Starting monitor cycle #261
[2026-03-14 17:36:14] DAEMON: Monitor cycle #261 completed successfully
[2026-03-14 17:36:14] DAEMON: Waiting 300 seconds until next cycle
[2026-03-14 17:37:14] DAEMON: Monitor cycle #261 timeout - killing process
[2026-03-14 17:41:14] DAEMON: Starting monitor cycle #262
[2026-03-14 17:41:14] DAEMON: Monitor cycle #262 completed successfully
[2026-03-14 17:41:14] DAEMON: Waiting 300 seconds until next cycle
[2026-03-14 17:42:14] DAEMON: Monitor cycle #262 timeout - killing process
[2026-03-14 17:46:14] DAEMON: Starting monitor cycle #263
[2026-03-14 17:46:14] DAEMON: Monitor cycle #263 completed successfully
[2026-03-14 17:46:14] DAEMON: Waiting 300 seconds until next cycle
[2026-03-14 17:47:14] DAEMON: Monitor cycle #263 timeout - killing process
[2026-03-14 17:51:14] DAEMON: Starting monitor cycle #264
[2026-03-14 17:51:14] DAEMON: Monitor cycle #264 completed successfully
[2026-03-14 17:51:14] DAEMON: Waiting 300 seconds until next cycle
[2026-03-14 17:52:14] DAEMON: Monitor cycle #264 timeout - killing process
[2026-03-14 17:56:14] DAEMON: Starting monitor cycle #265
[2026-03-14 17:56:14] DAEMON: Monitor cycle #265 completed successfully
[2026-03-14 17:56:14] DAEMON: Waiting 300 seconds until next cycle
[2026-03-14 17:57:14] DAEMON: Monitor cycle #265 timeout - killing process
[2026-03-14 18:01:15] DAEMON: Starting monitor cycle #266
[2026-03-14 18:01:15] DAEMON: Monitor cycle #266 completed successfully
[2026-03-14 18:01:15] DAEMON: Waiting 300 seconds until next cycle
[2026-03-14 18:02:15] DAEMON: Monitor cycle #266 timeout - killing process
[2026-03-14 18:06:15] DAEMON: Starting monitor cycle #267
[2026-03-14 18:06:15] DAEMON: Monitor cycle #267 completed successfully
[2026-03-14 18:06:15] DAEMON: Waiting 300 seconds until next cycle
[2026-03-14 18:07:15] DAEMON: Monitor cycle #267 timeout - killing process
[2026-03-14 18:11:15] DAEMON: Starting monitor cycle #268
[2026-03-14 18:11:15] DAEMON: Monitor cycle #268 completed successfully
[2026-03-14 18:11:15] DAEMON: Waiting 300 seconds until next cycle
[2026-03-14 18:12:15] DAEMON: Monitor cycle #268 timeout - killing process
[2026-03-14 18:16:15] DAEMON: Starting monitor cycle #269
[2026-03-14 18:16:15] DAEMON: Monitor cycle #269 completed successfully
[2026-03-14 18:16:15] DAEMON: Waiting 300 seconds until next cycle
[2026-03-14 18:17:15] DAEMON: Monitor cycle #269 timeout - killing process
[2026-03-14 18:21:15] DAEMON: Starting monitor cycle #270
[2026-03-14 18:21:15] DAEMON: Monitor cycle #270 completed successfully
[2026-03-14 18:21:15] DAEMON: Waiting 300 seconds until next cycle
[2026-03-14 18:22:15] DAEMON: Monitor cycle #270 timeout - killing process
[2026-03-14 18:26:15] DAEMON: Starting monitor cycle #271
[2026-03-14 18:26:15] DAEMON: Monitor cycle #271 completed successfully
[2026-03-14 18:26:15] DAEMON: Waiting 300 seconds until next cycle
[2026-03-14 18:27:15] DAEMON: Monitor cycle #271 timeout - killing process
[2026-03-14 18:31:15] DAEMON: Starting monitor cycle #272
[2026-03-14 18:31:15] DAEMON: Monitor cycle #272 completed successfully
[2026-03-14 18:31:15] DAEMON: Waiting 300 seconds until next cycle
[2026-03-14 18:32:15] DAEMON: Monitor cycle #272 timeout - killing process
[2026-03-14 18:36:15] DAEMON: Starting monitor cycle #273
[2026-03-14 18:36:16] DAEMON: Monitor cycle #273 completed successfully
[2026-03-14 18:36:16] DAEMON: Waiting 300 seconds until next cycle
[2026-03-14 18:37:16] DAEMON: Monitor cycle #273 timeout - killing process
[2026-03-14 18:41:16] DAEMON: Starting monitor cycle #274
[2026-03-14 18:41:16] DAEMON: Monitor cycle #274 completed successfully
[2026-03-14 18:41:16] DAEMON: Waiting 300 seconds until next cycle
[2026-03-14 18:42:16] DAEMON: Monitor cycle #274 timeout - killing process
[2026-03-14 18:46:16] DAEMON: Starting monitor cycle #275
[2026-03-14 18:46:16] DAEMON: Monitor cycle #275 completed successfully
[2026-03-14 18:46:16] DAEMON: Waiting 300 seconds until next cycle
[2026-03-14 18:47:16] DAEMON: Monitor cycle #275 timeout - killing process
[2026-03-14 18:51:16] DAEMON: Starting monitor cycle #276
[2026-03-14 18:51:16] DAEMON: Monitor cycle #276 completed successfully
[2026-03-14 18:51:16] DAEMON: Waiting 300 seconds until next cycle
[2026-03-14 18:52:16] DAEMON: Monitor cycle #276 timeout - killing process
[2026-03-14 18:56:16] DAEMON: Starting monitor cycle #277
[2026-03-14 18:56:16] DAEMON: Monitor cycle #277 completed successfully
[2026-03-14 18:56:16] DAEMON: Waiting 300 seconds until next cycle
[2026-03-14 18:57:16] DAEMON: Monitor cycle #277 timeout - killing process
[2026-03-14 19:01:16] DAEMON: Starting monitor cycle #278
[2026-03-14 19:01:16] DAEMON: Monitor cycle #278 completed successfully
[2026-03-14 19:01:16] DAEMON: Waiting 300 seconds until next cycle
[2026-03-14 19:02:16] DAEMON: Monitor cycle #278 timeout - killing process
[2026-03-14 19:06:16] DAEMON: Starting monitor cycle #279
[2026-03-14 19:06:16] DAEMON: Monitor cycle #279 completed successfully
[2026-03-14 19:06:16] DAEMON: Waiting 300 seconds until next cycle
[2026-03-14 19:07:16] DAEMON: Monitor cycle #279 timeout - killing process
[2026-03-14 19:11:16] DAEMON: Starting monitor cycle #280
[2026-03-14 19:11:16] DAEMON: Monitor cycle #280 completed successfully
[2026-03-14 19:11:16] DAEMON: Waiting 300 seconds until next cycle
[2026-03-14 19:12:16] DAEMON: Monitor cycle #280 timeout - killing process
[2026-03-14 19:16:16] DAEMON: Starting monitor cycle #281
[2026-03-14 19:16:16] DAEMON: Monitor cycle #281 completed successfully
[2026-03-14 19:16:16] DAEMON: Waiting 300 seconds until next cycle
[2026-03-14 19:17:16] DAEMON: Monitor cycle #281 timeout - killing process
[2026-03-14 19:21:17] DAEMON: Starting monitor cycle #282
[2026-03-14 19:21:17] DAEMON: Monitor cycle #282 completed successfully
[2026-03-14 19:21:17] DAEMON: Waiting 300 seconds until next cycle
[2026-03-14 19:22:17] DAEMON: Monitor cycle #282 timeout - killing process
[2026-03-14 19:26:17] DAEMON: Starting monitor cycle #283
[2026-03-14 19:26:17] DAEMON: Monitor cycle #283 completed successfully
[2026-03-14 19:26:17] DAEMON: Waiting 300 seconds until next cycle
[2026-03-14 19:27:17] DAEMON: Monitor cycle #283 timeout - killing process
[2026-03-14 19:31:17] DAEMON: Starting monitor cycle #284
[2026-03-14 19:31:17] DAEMON: Monitor cycle #284 completed successfully
[2026-03-14 19:31:17] DAEMON: Waiting 300 seconds until next cycle
[2026-03-14 19:32:17] DAEMON: Monitor cycle #284 timeout - killing process
[2026-03-14 19:36:17] DAEMON: Starting monitor cycle #285
[2026-03-14 19:36:17] DAEMON: Monitor cycle #285 completed successfully
[2026-03-14 19:36:17] DAEMON: Waiting 300 seconds until next cycle
[2026-03-14 19:37:17] DAEMON: Monitor cycle #285 timeout - killing process
[2026-03-14 19:41:17] DAEMON: Starting monitor cycle #286
[2026-03-14 19:41:17] DAEMON: Monitor cycle #286 completed successfully
[2026-03-14 19:41:17] DAEMON: Waiting 300 seconds until next cycle
[2026-03-14 19:42:17] DAEMON: Monitor cycle #286 timeout - killing process
[2026-03-14 19:46:17] DAEMON: Starting monitor cycle #287
[2026-03-14 19:46:17] DAEMON: Monitor cycle #287 completed successfully
[2026-03-14 19:46:17] DAEMON: Waiting 300 seconds until next cycle
[2026-03-14 19:47:17] DAEMON: Monitor cycle #287 timeout - killing process
[2026-03-14 19:51:17] DAEMON: Starting monitor cycle #288
[2026-03-14 19:51:17] DAEMON: Monitor cycle #288 completed successfully
[2026-03-14 19:51:17] DAEMON: Waiting 300 seconds until next cycle
[2026-03-14 19:52:17] DAEMON: Monitor cycle #288 timeout - killing process
[2026-03-14 19:56:17] DAEMON: Starting monitor cycle #289
[2026-03-14 19:56:17] DAEMON: Monitor cycle #289 completed successfully
[2026-03-14 19:56:17] DAEMON: Waiting 300 seconds until next cycle
[2026-03-14 19:57:17] DAEMON: Monitor cycle #289 timeout - killing process
[2026-03-14 20:01:18] DAEMON: Starting monitor cycle #290
[2026-03-14 20:01:18] DAEMON: Monitor cycle #290 completed successfully
[2026-03-14 20:01:18] DAEMON: Waiting 300 seconds until next cycle
[2026-03-14 20:02:18] DAEMON: Monitor cycle #290 timeout - killing process
[2026-03-14 20:06:18] DAEMON: Starting monitor cycle #291
[2026-03-14 20:06:18] DAEMON: Monitor cycle #291 completed successfully
[2026-03-14 20:06:18] DAEMON: Waiting 300 seconds until next cycle
[2026-03-14 20:07:18] DAEMON: Monitor cycle #291 timeout - killing process
[2026-03-14 20:11:18] DAEMON: Starting monitor cycle #292
[2026-03-14 20:11:18] DAEMON: Monitor cycle #292 completed successfully
[2026-03-14 20:11:18] DAEMON: Waiting 300 seconds until next cycle
[2026-03-14 20:12:18] DAEMON: Monitor cycle #292 timeout - killing process
[2026-03-14 20:16:18] DAEMON: Starting monitor cycle #293
[2026-03-14 20:16:18] DAEMON: Monitor cycle #293 completed successfully
[2026-03-14 20:16:18] DAEMON: Waiting 300 seconds until next cycle
[2026-03-14 20:17:18] DAEMON: Monitor cycle #293 timeout - killing process
[2026-03-14 20:21:18] DAEMON: Starting monitor cycle #294
[2026-03-14 20:21:18] DAEMON: Monitor cycle #294 completed successfully
[2026-03-14 20:21:18] DAEMON: Waiting 300 seconds until next cycle
[2026-03-14 20:22:18] DAEMON: Monitor cycle #294 timeout - killing process
[2026-03-14 20:26:18] DAEMON: Starting monitor cycle #295
[2026-03-14 20:26:18] DAEMON: Monitor cycle #295 completed successfully
[2026-03-14 20:26:18] DAEMON: Waiting 300 seconds until next cycle
[2026-03-14 20:27:18] DAEMON: Monitor cycle #295 timeout - killing process
[2026-03-14 20:31:18] DAEMON: Starting monitor cycle #296
[2026-03-14 20:31:18] DAEMON: Monitor cycle #296 completed successfully
[2026-03-14 20:31:18] DAEMON: Waiting 300 seconds until next cycle
[2026-03-14 20:32:18] DAEMON: Monitor cycle #296 timeout - killing process
[2026-03-14 20:36:18] DAEMON: Starting monitor cycle #297
[2026-03-14 20:36:18] DAEMON: Monitor cycle #297 completed successfully
[2026-03-14 20:36:18] DAEMON: Waiting 300 seconds until next cycle
[2026-03-14 20:37:18] DAEMON: Monitor cycle #297 timeout - killing process
[2026-03-14 20:41:18] DAEMON: Starting monitor cycle #298
[2026-03-14 20:41:19] DAEMON: Monitor cycle #298 completed successfully
[2026-03-14 20:41:19] DAEMON: Waiting 300 seconds until next cycle
[2026-03-14 20:42:19] DAEMON: Monitor cycle #298 timeout - killing process
[2026-03-14 20:46:19] DAEMON: Starting monitor cycle #299
[2026-03-14 20:46:19] DAEMON: Monitor cycle #299 completed successfully
[2026-03-14 20:46:19] DAEMON: Waiting 300 seconds until next cycle
[2026-03-14 20:47:19] DAEMON: Monitor cycle #299 timeout - killing process
[2026-03-14 20:51:19] DAEMON: Starting monitor cycle #300
[2026-03-14 20:51:19] DAEMON: Monitor cycle #300 completed successfully
[2026-03-14 20:51:19] DAEMON: Waiting 300 seconds until next cycle
[2026-03-14 20:52:19] DAEMON: Monitor cycle #300 timeout - killing process
[2026-03-14 20:56:19] DAEMON: Starting monitor cycle #301
[2026-03-14 20:56:19] DAEMON: Monitor cycle #301 completed successfully
[2026-03-14 20:56:19] DAEMON: Waiting 300 seconds until next cycle
[2026-03-14 20:57:19] DAEMON: Monitor cycle #301 timeout - killing process
[2026-03-14 21:01:19] DAEMON: Starting monitor cycle #302
[2026-03-14 21:01:19] DAEMON: Monitor cycle #302 completed successfully
[2026-03-14 21:01:19] DAEMON: Waiting 300 seconds until next cycle
[2026-03-14 21:02:19] DAEMON: Monitor cycle #302 timeout - killing process
[2026-03-14 21:06:19] DAEMON: Starting monitor cycle #303
[2026-03-14 21:06:19] DAEMON: Monitor cycle #303 completed successfully
[2026-03-14 21:06:19] DAEMON: Waiting 300 seconds until next cycle
[2026-03-14 21:07:19] DAEMON: Monitor cycle #303 timeout - killing process
[2026-03-14 21:11:19] DAEMON: Starting monitor cycle #304
[2026-03-14 21:11:19] DAEMON: Monitor cycle #304 completed successfully
[2026-03-14 21:11:19] DAEMON: Waiting 300 seconds until next cycle
[2026-03-14 21:12:19] DAEMON: Monitor cycle #304 timeout - killing process
[2026-03-14 21:16:19] DAEMON: Starting monitor cycle #305
[2026-03-14 21:16:19] DAEMON: Monitor cycle #305 completed successfully
[2026-03-14 21:16:19] DAEMON: Waiting 300 seconds until next cycle
[2026-03-14 21:17:19] DAEMON: Monitor cycle #305 timeout - killing process
[2026-03-14 21:21:19] DAEMON: Starting monitor cycle #306
[2026-03-14 21:21:20] DAEMON: Monitor cycle #306 completed successfully
[2026-03-14 21:21:20] DAEMON: Waiting 300 seconds until next cycle
[2026-03-14 21:22:20] DAEMON: Monitor cycle #306 timeout - killing process
[2026-03-14 21:26:20] DAEMON: Starting monitor cycle #307
[2026-03-14 21:26:20] DAEMON: Monitor cycle #307 completed successfully
[2026-03-14 21:26:20] DAEMON: Waiting 300 seconds until next cycle
[2026-03-14 21:27:20] DAEMON: Monitor cycle #307 timeout - killing process
[2026-03-14 21:31:20] DAEMON: Starting monitor cycle #308
[2026-03-14 21:31:20] DAEMON: Monitor cycle #308 completed successfully
[2026-03-14 21:31:20] DAEMON: Waiting 300 seconds until next cycle
[2026-03-14 21:32:20] DAEMON: Monitor cycle #308 timeout - killing process
[2026-03-14 21:36:20] DAEMON: Starting monitor cycle #309
[2026-03-14 21:36:20] DAEMON: Monitor cycle #309 completed successfully
[2026-03-14 21:36:20] DAEMON: Waiting 300 seconds until next cycle
[2026-03-14 21:37:20] DAEMON: Monitor cycle #309 timeout - killing process
[2026-03-14 21:41:20] DAEMON: Starting monitor cycle #310
[2026-03-14 21:41:20] DAEMON: Monitor cycle #310 completed successfully
[2026-03-14 21:41:20] DAEMON: Waiting 300 seconds until next cycle
[2026-03-14 21:42:20] DAEMON: Monitor cycle #310 timeout - killing process
[2026-03-14 21:46:20] DAEMON: Starting monitor cycle #311
[2026-03-14 21:46:20] DAEMON: Monitor cycle #311 completed successfully
[2026-03-14 21:46:20] DAEMON: Waiting 300 seconds until next cycle
[2026-03-14 21:47:20] DAEMON: Monitor cycle #311 timeout - killing process
[2026-03-14 21:51:20] DAEMON: Starting monitor cycle #312
[2026-03-14 21:51:20] DAEMON: Monitor cycle #312 completed successfully
[2026-03-14 21:51:20] DAEMON: Waiting 300 seconds until next cycle
[2026-03-14 21:52:20] DAEMON: Monitor cycle #312 timeout - killing process
[2026-03-14 21:56:20] DAEMON: Starting monitor cycle #313
[2026-03-14 21:56:20] DAEMON: Monitor cycle #313 completed successfully
[2026-03-14 21:56:20] DAEMON: Waiting 300 seconds until next cycle
[2026-03-14 21:57:20] DAEMON: Monitor cycle #313 timeout - killing process
[2026-03-14 22:01:20] DAEMON: Starting monitor cycle #314
[2026-03-14 22:01:20] DAEMON: Monitor cycle #314 completed successfully
[2026-03-14 22:01:20] DAEMON: Waiting 300 seconds until next cycle
[2026-03-14 22:02:20] DAEMON: Monitor cycle #314 timeout - killing process
[2026-03-14 22:06:21] DAEMON: Starting monitor cycle #315
[2026-03-14 22:06:21] DAEMON: Monitor cycle #315 completed successfully
[2026-03-14 22:06:21] DAEMON: Waiting 300 seconds until next cycle
[2026-03-14 22:07:21] DAEMON: Monitor cycle #315 timeout - killing process
[2026-03-14 22:11:21] DAEMON: Starting monitor cycle #316
[2026-03-14 22:11:21] DAEMON: Monitor cycle #316 completed successfully
[2026-03-14 22:11:21] DAEMON: Waiting 300 seconds until next cycle
[2026-03-14 22:12:21] DAEMON: Monitor cycle #316 timeout - killing process
[2026-03-14 22:16:21] DAEMON: Starting monitor cycle #317
[2026-03-14 22:16:21] DAEMON: Monitor cycle #317 completed successfully
[2026-03-14 22:16:21] DAEMON: Waiting 300 seconds until next cycle
[2026-03-14 22:17:21] DAEMON: Monitor cycle #317 timeout - killing process
[2026-03-14 22:21:21] DAEMON: Starting monitor cycle #318
[2026-03-14 22:21:21] DAEMON: Monitor cycle #318 completed successfully
[2026-03-14 22:21:21] DAEMON: Waiting 300 seconds until next cycle
[2026-03-14 22:22:21] DAEMON: Monitor cycle #318 timeout - killing process
[2026-03-14 22:26:21] DAEMON: Starting monitor cycle #319
[2026-03-14 22:26:21] DAEMON: Monitor cycle #319 completed successfully
[2026-03-14 22:26:21] DAEMON: Waiting 300 seconds until next cycle
[2026-03-14 22:27:21] DAEMON: Monitor cycle #319 timeout - killing process
[2026-03-14 22:31:21] DAEMON: Starting monitor cycle #320
[2026-03-14 22:31:21] DAEMON: Monitor cycle #320 completed successfully
[2026-03-14 22:31:21] DAEMON: Waiting 300 seconds until next cycle
[2026-03-14 22:32:21] DAEMON: Monitor cycle #320 timeout - killing process
[2026-03-14 22:36:21] DAEMON: Starting monitor cycle #321
[2026-03-14 22:36:21] DAEMON: Monitor cycle #321 completed successfully
[2026-03-14 22:36:21] DAEMON: Waiting 300 seconds until next cycle
[2026-03-14 22:37:21] DAEMON: Monitor cycle #321 timeout - killing process
[2026-03-14 22:41:21] DAEMON: Starting monitor cycle #322
[2026-03-14 22:41:21] DAEMON: Monitor cycle #322 completed successfully
[2026-03-14 22:41:21] DAEMON: Waiting 300 seconds until next cycle
[2026-03-14 22:42:21] DAEMON: Monitor cycle #322 timeout - killing process
[2026-03-14 22:46:22] DAEMON: Starting monitor cycle #323
[2026-03-14 22:46:22] DAEMON: Monitor cycle #323 completed successfully
[2026-03-14 22:46:22] DAEMON: Waiting 300 seconds until next cycle
[2026-03-14 22:47:22] DAEMON: Monitor cycle #323 timeout - killing process
[2026-03-14 22:51:22] DAEMON: Starting monitor cycle #324
[2026-03-14 22:51:22] DAEMON: Monitor cycle #324 completed successfully
[2026-03-14 22:51:22] DAEMON: Waiting 300 seconds until next cycle
[2026-03-14 22:52:22] DAEMON: Monitor cycle #324 timeout - killing process
[2026-03-14 22:56:22] DAEMON: Starting monitor cycle #325
[2026-03-14 22:56:22] DAEMON: Monitor cycle #325 completed successfully
[2026-03-14 22:56:22] DAEMON: Waiting 300 seconds until next cycle
[2026-03-14 22:57:22] DAEMON: Monitor cycle #325 timeout - killing process
[2026-03-14 23:01:22] DAEMON: Starting monitor cycle #326
[2026-03-14 23:01:22] DAEMON: Monitor cycle #326 completed successfully
[2026-03-14 23:01:22] DAEMON: Waiting 300 seconds until next cycle
[2026-03-14 23:02:22] DAEMON: Monitor cycle #326 timeout - killing process
[2026-03-14 23:06:22] DAEMON: Starting monitor cycle #327
[2026-03-14 23:06:22] DAEMON: Monitor cycle #327 completed successfully
[2026-03-14 23:06:22] DAEMON: Waiting 300 seconds until next cycle
[2026-03-14 23:07:22] DAEMON: Monitor cycle #327 timeout - killing process
[2026-03-14 23:11:22] DAEMON: Starting monitor cycle #328
[2026-03-14 23:11:22] DAEMON: Monitor cycle #328 completed successfully
[2026-03-14 23:11:22] DAEMON: Waiting 300 seconds until next cycle
[2026-03-14 23:12:22] DAEMON: Monitor cycle #328 timeout - killing process
[2026-03-14 23:16:22] DAEMON: Starting monitor cycle #329
[2026-03-14 23:16:22] DAEMON: Monitor cycle #329 completed successfully
[2026-03-14 23:16:22] DAEMON: Waiting 300 seconds until next cycle
[2026-03-14 23:17:22] DAEMON: Monitor cycle #329 timeout - killing process
[2026-03-14 23:21:22] DAEMON: Starting monitor cycle #330
[2026-03-14 23:21:22] DAEMON: Monitor cycle #330 completed successfully
[2026-03-14 23:21:22] DAEMON: Waiting 300 seconds until next cycle
[2026-03-14 23:22:22] DAEMON: Monitor cycle #330 timeout - killing process
[2026-03-14 23:26:22] DAEMON: Starting monitor cycle #331
[2026-03-14 23:26:22] DAEMON: Monitor cycle #331 completed successfully
[2026-03-14 23:26:22] DAEMON: Waiting 300 seconds until next cycle
[2026-03-14 23:27:22] DAEMON: Monitor cycle #331 timeout - killing process
[2026-03-14 23:31:23] DAEMON: Starting monitor cycle #332
[2026-03-14 23:31:23] DAEMON: Monitor cycle #332 completed successfully
[2026-03-14 23:31:23] DAEMON: Waiting 300 seconds until next cycle
[2026-03-14 23:32:23] DAEMON: Monitor cycle #332 timeout - killing process
[2026-03-14 23:36:23] DAEMON: Starting monitor cycle #333
[2026-03-14 23:36:23] DAEMON: Monitor cycle #333 completed successfully
[2026-03-14 23:36:23] DAEMON: Waiting 300 seconds until next cycle
[2026-03-14 23:37:23] DAEMON: Monitor cycle #333 timeout - killing process
[2026-03-14 23:41:23] DAEMON: Starting monitor cycle #334
[2026-03-14 23:41:23] DAEMON: Monitor cycle #334 completed successfully
[2026-03-14 23:41:23] DAEMON: Waiting 300 seconds until next cycle
[2026-03-14 23:42:23] DAEMON: Monitor cycle #334 timeout - killing process
[2026-03-14 23:46:23] DAEMON: Starting monitor cycle #335
[2026-03-14 23:46:23] DAEMON: Monitor cycle #335 completed successfully
[2026-03-14 23:46:23] DAEMON: Waiting 300 seconds until next cycle
[2026-03-14 23:47:23] DAEMON: Monitor cycle #335 timeout - killing process
[2026-03-14 23:51:23] DAEMON: Starting monitor cycle #336
[2026-03-14 23:51:23] DAEMON: Monitor cycle #336 completed successfully
[2026-03-14 23:51:23] DAEMON: Waiting 300 seconds until next cycle
[2026-03-14 23:52:23] DAEMON: Monitor cycle #336 timeout - killing process
[2026-03-14 23:56:23] DAEMON: Starting monitor cycle #337
[2026-03-14 23:56:23] DAEMON: Monitor cycle #337 completed successfully
[2026-03-14 23:56:23] DAEMON: Waiting 300 seconds until next cycle
[2026-03-14 23:57:23] DAEMON: Monitor cycle #337 timeout - killing process
[2026-03-15 00:01:23] DAEMON: Starting monitor cycle #338
[2026-03-15 00:01:23] DAEMON: Monitor cycle #338 completed successfully
[2026-03-15 00:01:23] DAEMON: Waiting 300 seconds until next cycle
[2026-03-15 00:02:23] DAEMON: Monitor cycle #338 timeout - killing process
[2026-03-15 00:06:23] DAEMON: Starting monitor cycle #339
[2026-03-15 00:06:23] DAEMON: Monitor cycle #339 completed successfully
[2026-03-15 00:06:23] DAEMON: Waiting 300 seconds until next cycle
[2026-03-15 00:07:23] DAEMON: Monitor cycle #339 timeout - killing process
[2026-03-15 00:11:24] DAEMON: Starting monitor cycle #340
[2026-03-15 00:11:24] DAEMON: Monitor cycle #340 completed successfully
[2026-03-15 00:11:24] DAEMON: Waiting 300 seconds until next cycle
[2026-03-15 00:12:24] DAEMON: Monitor cycle #340 timeout - killing process
[2026-03-15 00:16:24] DAEMON: Starting monitor cycle #341
[2026-03-15 00:16:24] DAEMON: Monitor cycle #341 completed successfully
[2026-03-15 00:16:24] DAEMON: Waiting 300 seconds until next cycle
[2026-03-15 00:17:24] DAEMON: Monitor cycle #341 timeout - killing process
[2026-03-15 00:21:24] DAEMON: Starting monitor cycle #342
[2026-03-15 00:21:24] DAEMON: Monitor cycle #342 completed successfully
[2026-03-15 00:21:24] DAEMON: Waiting 300 seconds until next cycle
[2026-03-15 00:22:24] DAEMON: Monitor cycle #342 timeout - killing process
[2026-03-15 00:26:24] DAEMON: Starting monitor cycle #343
[2026-03-15 00:26:24] DAEMON: Monitor cycle #343 completed successfully
[2026-03-15 00:26:24] DAEMON: Waiting 300 seconds until next cycle
[2026-03-15 00:27:24] DAEMON: Monitor cycle #343 timeout - killing process
[2026-03-15 00:31:24] DAEMON: Starting monitor cycle #344
[2026-03-15 00:31:24] DAEMON: Monitor cycle #344 completed successfully
[2026-03-15 00:31:24] DAEMON: Waiting 300 seconds until next cycle
[2026-03-15 00:32:24] DAEMON: Monitor cycle #344 timeout - killing process
[2026-03-15 00:36:24] DAEMON: Starting monitor cycle #345
[2026-03-15 00:36:24] DAEMON: Monitor cycle #345 completed successfully
[2026-03-15 00:36:24] DAEMON: Waiting 300 seconds until next cycle
[2026-03-15 00:37:24] DAEMON: Monitor cycle #345 timeout - killing process
[2026-03-15 00:41:24] DAEMON: Starting monitor cycle #346
[2026-03-15 00:41:24] DAEMON: Monitor cycle #346 completed successfully
[2026-03-15 00:41:24] DAEMON: Waiting 300 seconds until next cycle
[2026-03-15 00:42:24] DAEMON: Monitor cycle #346 timeout - killing process
[2026-03-15 00:46:24] DAEMON: Starting monitor cycle #347
[2026-03-15 00:46:24] DAEMON: Monitor cycle #347 completed successfully
[2026-03-15 00:46:24] DAEMON: Waiting 300 seconds until next cycle
[2026-03-15 00:47:24] DAEMON: Monitor cycle #347 timeout - killing process
[2026-03-15 00:51:24] DAEMON: Starting monitor cycle #348
[2026-03-15 00:51:24] DAEMON: Monitor cycle #348 completed successfully
[2026-03-15 00:51:24] DAEMON: Waiting 300 seconds until next cycle
[2026-03-15 00:52:24] DAEMON: Monitor cycle #348 timeout - killing process
[2026-03-15 00:56:24] DAEMON: Starting monitor cycle #349
[2026-03-15 00:56:25] DAEMON: Monitor cycle #349 completed successfully
[2026-03-15 00:56:25] DAEMON: Waiting 300 seconds until next cycle
[2026-03-15 00:57:25] DAEMON: Monitor cycle #349 timeout - killing process
[2026-03-15 01:01:25] DAEMON: Starting monitor cycle #350
[2026-03-15 01:01:25] DAEMON: Monitor cycle #350 completed successfully
[2026-03-15 01:01:25] DAEMON: Waiting 300 seconds until next cycle
[2026-03-15 01:02:25] DAEMON: Monitor cycle #350 timeout - killing process
[2026-03-15 01:06:25] DAEMON: Starting monitor cycle #351
[2026-03-15 01:06:25] DAEMON: Monitor cycle #351 completed successfully
[2026-03-15 01:06:25] DAEMON: Waiting 300 seconds until next cycle
[2026-03-15 01:07:25] DAEMON: Monitor cycle #351 timeout - killing process
[2026-03-15 01:11:25] DAEMON: Starting monitor cycle #352
[2026-03-15 01:11:25] DAEMON: Monitor cycle #352 completed successfully
[2026-03-15 01:11:25] DAEMON: Waiting 300 seconds until next cycle
[2026-03-15 01:12:25] DAEMON: Monitor cycle #352 timeout - killing process
[2026-03-15 01:16:25] DAEMON: Starting monitor cycle #353
[2026-03-15 01:16:25] DAEMON: Monitor cycle #353 completed successfully
[2026-03-15 01:16:25] DAEMON: Waiting 300 seconds until next cycle
[2026-03-15 01:17:25] DAEMON: Monitor cycle #353 timeout - killing process
[2026-03-15 01:21:25] DAEMON: Starting monitor cycle #354
[2026-03-15 01:21:25] DAEMON: Monitor cycle #354 completed successfully
[2026-03-15 01:21:25] DAEMON: Waiting 300 seconds until next cycle
[2026-03-15 01:22:25] DAEMON: Monitor cycle #354 timeout - killing process
[2026-03-15 01:26:25] DAEMON: Starting monitor cycle #355
[2026-03-15 01:26:25] DAEMON: Monitor cycle #355 completed successfully
[2026-03-15 01:26:25] DAEMON: Waiting 300 seconds until next cycle
[2026-03-15 01:27:25] DAEMON: Monitor cycle #355 timeout - killing process
[2026-03-15 01:31:25] DAEMON: Starting monitor cycle #356
[2026-03-15 01:31:25] DAEMON: Monitor cycle #356 completed successfully
[2026-03-15 01:31:25] DAEMON: Waiting 300 seconds until next cycle
[2026-03-15 01:32:25] DAEMON: Monitor cycle #356 timeout - killing process
[2026-03-15 01:36:25] DAEMON: Starting monitor cycle #357
[2026-03-15 01:36:25] DAEMON: Monitor cycle #357 completed successfully
[2026-03-15 01:36:25] DAEMON: Waiting 300 seconds until next cycle
[2026-03-15 01:37:25] DAEMON: Monitor cycle #357 timeout - killing process
[2026-03-15 01:41:26] DAEMON: Starting monitor cycle #358
[2026-03-15 01:41:26] DAEMON: Monitor cycle #358 completed successfully
[2026-03-15 01:41:26] DAEMON: Waiting 300 seconds until next cycle
[2026-03-15 01:42:26] DAEMON: Monitor cycle #358 timeout - killing process
[2026-03-15 01:46:26] DAEMON: Starting monitor cycle #359
[2026-03-15 01:46:26] DAEMON: Monitor cycle #359 completed successfully
[2026-03-15 01:46:26] DAEMON: Waiting 300 seconds until next cycle
[2026-03-15 01:47:26] DAEMON: Monitor cycle #359 timeout - killing process
[2026-03-15 01:51:26] DAEMON: Starting monitor cycle #360
[2026-03-15 01:51:26] DAEMON: Monitor cycle #360 completed successfully
[2026-03-15 01:51:26] DAEMON: Waiting 300 seconds until next cycle
[2026-03-15 01:52:26] DAEMON: Monitor cycle #360 timeout - killing process
[2026-03-15 01:56:26] DAEMON: Starting monitor cycle #361
[2026-03-15 01:56:26] DAEMON: Monitor cycle #361 completed successfully
[2026-03-15 01:56:26] DAEMON: Waiting 300 seconds until next cycle
[2026-03-15 01:57:26] DAEMON: Monitor cycle #361 timeout - killing process
[2026-03-15 02:01:26] DAEMON: Starting monitor cycle #362
[2026-03-15 02:01:26] DAEMON: Monitor cycle #362 completed successfully
[2026-03-15 02:01:26] DAEMON: Waiting 300 seconds until next cycle
[2026-03-15 02:02:26] DAEMON: Monitor cycle #362 timeout - killing process
[2026-03-15 02:06:26] DAEMON: Starting monitor cycle #363
[2026-03-15 02:06:26] DAEMON: Monitor cycle #363 completed successfully
[2026-03-15 02:06:26] DAEMON: Waiting 300 seconds until next cycle
[2026-03-15 02:07:26] DAEMON: Monitor cycle #363 timeout - killing process
[2026-03-15 02:11:26] DAEMON: Starting monitor cycle #364
[2026-03-15 02:11:26] DAEMON: Monitor cycle #364 completed successfully
[2026-03-15 02:11:26] DAEMON: Waiting 300 seconds until next cycle
[2026-03-15 02:12:26] DAEMON: Monitor cycle #364 timeout - killing process
[2026-03-15 02:16:26] DAEMON: Starting monitor cycle #365
[2026-03-15 02:16:26] DAEMON: Monitor cycle #365 completed successfully
[2026-03-15 02:16:26] DAEMON: Waiting 300 seconds until next cycle
[2026-03-15 02:17:26] DAEMON: Monitor cycle #365 timeout - killing process
[2026-03-15 02:21:27] DAEMON: Starting monitor cycle #366
[2026-03-15 02:21:27] DAEMON: Monitor cycle #366 completed successfully
[2026-03-15 02:21:27] DAEMON: Waiting 300 seconds until next cycle
[2026-03-15 02:22:27] DAEMON: Monitor cycle #366 timeout - killing process
[2026-03-15 02:26:27] DAEMON: Starting monitor cycle #367
[2026-03-15 02:26:27] DAEMON: Monitor cycle #367 completed successfully
[2026-03-15 02:26:27] DAEMON: Waiting 300 seconds until next cycle
[2026-03-15 02:27:27] DAEMON: Monitor cycle #367 timeout - killing process
[2026-03-15 02:31:27] DAEMON: Starting monitor cycle #368
[2026-03-15 02:31:27] DAEMON: Monitor cycle #368 completed successfully
[2026-03-15 02:31:27] DAEMON: Waiting 300 seconds until next cycle
[2026-03-15 02:32:27] DAEMON: Monitor cycle #368 timeout - killing process
[2026-03-15 02:36:27] DAEMON: Starting monitor cycle #369
[2026-03-15 02:36:27] DAEMON: Monitor cycle #369 completed successfully
[2026-03-15 02:36:27] DAEMON: Waiting 300 seconds until next cycle
[2026-03-15 02:37:27] DAEMON: Monitor cycle #369 timeout - killing process
[2026-03-15 02:41:27] DAEMON: Starting monitor cycle #370
[2026-03-15 02:41:27] DAEMON: Monitor cycle #370 completed successfully
[2026-03-15 02:41:27] DAEMON: Waiting 300 seconds until next cycle
[2026-03-15 02:42:27] DAEMON: Monitor cycle #370 timeout - killing process
[2026-03-15 02:46:27] DAEMON: Starting monitor cycle #371
[2026-03-15 02:46:27] DAEMON: Monitor cycle #371 completed successfully
[2026-03-15 02:46:27] DAEMON: Waiting 300 seconds until next cycle
[2026-03-15 02:47:27] DAEMON: Monitor cycle #371 timeout - killing process
[2026-03-15 02:51:27] DAEMON: Starting monitor cycle #372
[2026-03-15 02:51:27] DAEMON: Monitor cycle #372 completed successfully
[2026-03-15 02:51:27] DAEMON: Waiting 300 seconds until next cycle
[2026-03-15 02:52:27] DAEMON: Monitor cycle #372 timeout - killing process
[2026-03-15 02:56:27] DAEMON: Starting monitor cycle #373
[2026-03-15 02:56:27] DAEMON: Monitor cycle #373 completed successfully
[2026-03-15 02:56:27] DAEMON: Waiting 300 seconds until next cycle
[2026-03-15 02:57:27] DAEMON: Monitor cycle #373 timeout - killing process
[2026-03-15 03:01:27] DAEMON: Starting monitor cycle #374
[2026-03-15 03:01:27] DAEMON: Monitor cycle #374 completed successfully
[2026-03-15 03:01:27] DAEMON: Waiting 300 seconds until next cycle
[2026-03-15 03:02:27] DAEMON: Monitor cycle #374 timeout - killing process
[2026-03-15 03:06:27] DAEMON: Starting monitor cycle #375
[2026-03-15 03:06:28] DAEMON: Monitor cycle #375 completed successfully
[2026-03-15 03:06:28] DAEMON: Waiting 300 seconds until next cycle
[2026-03-15 03:07:28] DAEMON: Monitor cycle #375 timeout - killing process
[2026-03-15 03:11:28] DAEMON: Starting monitor cycle #376
[2026-03-15 03:11:28] DAEMON: Monitor cycle #376 completed successfully
[2026-03-15 03:11:28] DAEMON: Waiting 300 seconds until next cycle
[2026-03-15 03:12:28] DAEMON: Monitor cycle #376 timeout - killing process
[2026-03-15 03:16:28] DAEMON: Starting monitor cycle #377
[2026-03-15 03:16:28] DAEMON: Monitor cycle #377 completed successfully
[2026-03-15 03:16:28] DAEMON: Waiting 300 seconds until next cycle
[2026-03-15 03:17:28] DAEMON: Monitor cycle #377 timeout - killing process
[2026-03-15 03:21:28] DAEMON: Starting monitor cycle #378
[2026-03-15 03:21:28] DAEMON: Monitor cycle #378 completed successfully
[2026-03-15 03:21:28] DAEMON: Waiting 300 seconds until next cycle
[2026-03-15 03:22:28] DAEMON: Monitor cycle #378 timeout - killing process
[2026-03-15 03:26:28] DAEMON: Starting monitor cycle #379
[2026-03-15 03:26:28] DAEMON: Monitor cycle #379 completed successfully
[2026-03-15 03:26:28] DAEMON: Waiting 300 seconds until next cycle
[2026-03-15 03:27:28] DAEMON: Monitor cycle #379 timeout - killing process
[2026-03-15 03:31:28] DAEMON: Starting monitor cycle #380
[2026-03-15 03:31:28] DAEMON: Monitor cycle #380 completed successfully
[2026-03-15 03:31:28] DAEMON: Waiting 300 seconds until next cycle
[2026-03-15 03:32:28] DAEMON: Monitor cycle #380 timeout - killing process
[2026-03-15 03:36:28] DAEMON: Starting monitor cycle #381
[2026-03-15 03:36:28] DAEMON: Monitor cycle #381 completed successfully
[2026-03-15 03:36:28] DAEMON: Waiting 300 seconds until next cycle
[2026-03-15 03:37:28] DAEMON: Monitor cycle #381 timeout - killing process
[2026-03-15 03:41:28] DAEMON: Starting monitor cycle #382
[2026-03-15 03:41:28] DAEMON: Monitor cycle #382 completed successfully
[2026-03-15 03:41:28] DAEMON: Waiting 300 seconds until next cycle
[2026-03-15 03:42:28] DAEMON: Monitor cycle #382 timeout - killing process
[2026-03-15 03:46:28] DAEMON: Starting monitor cycle #383
[2026-03-15 03:46:29] DAEMON: Monitor cycle #383 completed successfully
[2026-03-15 03:46:29] DAEMON: Waiting 300 seconds until next cycle
[2026-03-15 03:47:29] DAEMON: Monitor cycle #383 timeout - killing process
[2026-03-15 03:51:29] DAEMON: Starting monitor cycle #384
[2026-03-15 03:51:29] DAEMON: Monitor cycle #384 completed successfully
[2026-03-15 03:51:29] DAEMON: Waiting 300 seconds until next cycle
[2026-03-15 03:52:29] DAEMON: Monitor cycle #384 timeout - killing process
[2026-03-15 03:56:29] DAEMON: Starting monitor cycle #385
[2026-03-15 03:56:29] DAEMON: Monitor cycle #385 completed successfully
[2026-03-15 03:56:29] DAEMON: Waiting 300 seconds until next cycle
[2026-03-15 03:57:29] DAEMON: Monitor cycle #385 timeout - killing process
[2026-03-15 04:01:29] DAEMON: Starting monitor cycle #386
[2026-03-15 04:01:29] DAEMON: Monitor cycle #386 completed successfully
[2026-03-15 04:01:29] DAEMON: Waiting 300 seconds until next cycle
[2026-03-15 04:02:29] DAEMON: Monitor cycle #386 timeout - killing process
[2026-03-15 04:06:29] DAEMON: Starting monitor cycle #387
[2026-03-15 04:06:29] DAEMON: Monitor cycle #387 completed successfully
[2026-03-15 04:06:29] DAEMON: Waiting 300 seconds until next cycle
[2026-03-15 04:07:29] DAEMON: Monitor cycle #387 timeout - killing process
[2026-03-15 04:11:29] DAEMON: Starting monitor cycle #388
[2026-03-15 04:11:29] DAEMON: Monitor cycle #388 completed successfully
[2026-03-15 04:11:29] DAEMON: Waiting 300 seconds until next cycle
[2026-03-15 04:12:29] DAEMON: Monitor cycle #388 timeout - killing process
[2026-03-15 04:16:29] DAEMON: Starting monitor cycle #389
[2026-03-15 04:16:29] DAEMON: Monitor cycle #389 completed successfully
[2026-03-15 04:16:29] DAEMON: Waiting 300 seconds until next cycle
[2026-03-15 04:17:29] DAEMON: Monitor cycle #389 timeout - killing process
[2026-03-15 04:21:29] DAEMON: Starting monitor cycle #390
[2026-03-15 04:21:29] DAEMON: Monitor cycle #390 completed successfully
[2026-03-15 04:21:29] DAEMON: Waiting 300 seconds until next cycle
[2026-03-15 04:22:29] DAEMON: Monitor cycle #390 timeout - killing process
[2026-03-15 04:26:30] DAEMON: Starting monitor cycle #391
[2026-03-15 04:26:30] DAEMON: Monitor cycle #391 completed successfully
[2026-03-15 04:26:30] DAEMON: Waiting 300 seconds until next cycle
[2026-03-15 04:27:30] DAEMON: Monitor cycle #391 timeout - killing process
[2026-03-15 04:31:30] DAEMON: Starting monitor cycle #392
[2026-03-15 04:31:30] DAEMON: Monitor cycle #392 completed successfully
[2026-03-15 04:31:30] DAEMON: Waiting 300 seconds until next cycle
[2026-03-15 04:32:30] DAEMON: Monitor cycle #392 timeout - killing process
[2026-03-15 04:36:30] DAEMON: Starting monitor cycle #393
[2026-03-15 04:36:30] DAEMON: Monitor cycle #393 completed successfully
[2026-03-15 04:36:30] DAEMON: Waiting 300 seconds until next cycle
[2026-03-15 04:37:30] DAEMON: Monitor cycle #393 timeout - killing process
[2026-03-15 04:41:30] DAEMON: Starting monitor cycle #394
[2026-03-15 04:41:30] DAEMON: Monitor cycle #394 completed successfully
[2026-03-15 04:41:30] DAEMON: Waiting 300 seconds until next cycle
[2026-03-15 04:42:30] DAEMON: Monitor cycle #394 timeout - killing process
[2026-03-15 04:46:30] DAEMON: Starting monitor cycle #395
[2026-03-15 04:46:30] DAEMON: Monitor cycle #395 completed successfully
[2026-03-15 04:46:30] DAEMON: Waiting 300 seconds until next cycle
[2026-03-15 04:47:30] DAEMON: Monitor cycle #395 timeout - killing process
[2026-03-15 04:51:30] DAEMON: Starting monitor cycle #396
[2026-03-15 04:51:30] DAEMON: Monitor cycle #396 completed successfully
[2026-03-15 04:51:30] DAEMON: Waiting 300 seconds until next cycle
[2026-03-15 04:52:30] DAEMON: Monitor cycle #396 timeout - killing process
[2026-03-15 04:56:30] DAEMON: Starting monitor cycle #397
[2026-03-15 04:56:30] DAEMON: Monitor cycle #397 completed successfully
[2026-03-15 04:56:30] DAEMON: Waiting 300 seconds until next cycle
[2026-03-15 04:57:30] DAEMON: Monitor cycle #397 timeout - killing process
[2026-03-15 05:01:30] DAEMON: Starting monitor cycle #398
[2026-03-15 05:01:31] DAEMON: Monitor cycle #398 completed successfully
[2026-03-15 05:01:31] DAEMON: Waiting 300 seconds until next cycle
[2026-03-15 05:02:31] DAEMON: Monitor cycle #398 timeout - killing process
[2026-03-15 05:06:31] DAEMON: Starting monitor cycle #399
[2026-03-15 05:06:31] DAEMON: Monitor cycle #399 completed successfully
[2026-03-15 05:06:31] DAEMON: Waiting 300 seconds until next cycle
[2026-03-15 05:07:31] DAEMON: Monitor cycle #399 timeout - killing process
[2026-03-15 05:11:31] DAEMON: Starting monitor cycle #400
[2026-03-15 05:11:31] DAEMON: Monitor cycle #400 completed successfully
[2026-03-15 05:11:31] DAEMON: Waiting 300 seconds until next cycle
[2026-03-15 05:12:31] DAEMON: Monitor cycle #400 timeout - killing process
[2026-03-15 05:16:31] DAEMON: Starting monitor cycle #401
[2026-03-15 05:16:31] DAEMON: Monitor cycle #401 completed successfully
[2026-03-15 05:16:31] DAEMON: Waiting 300 seconds until next cycle
[2026-03-15 05:17:31] DAEMON: Monitor cycle #401 timeout - killing process
[2026-03-15 05:21:31] DAEMON: Starting monitor cycle #402
[2026-03-15 05:21:31] DAEMON: Monitor cycle #402 completed successfully
[2026-03-15 05:21:31] DAEMON: Waiting 300 seconds until next cycle
[2026-03-15 05:22:31] DAEMON: Monitor cycle #402 timeout - killing process
[2026-03-15 05:26:31] DAEMON: Starting monitor cycle #403
[2026-03-15 05:26:31] DAEMON: Monitor cycle #403 completed successfully
[2026-03-15 05:26:31] DAEMON: Waiting 300 seconds until next cycle
[2026-03-15 05:27:31] DAEMON: Monitor cycle #403 timeout - killing process
[2026-03-15 05:31:31] DAEMON: Starting monitor cycle #404
[2026-03-15 05:31:31] DAEMON: Monitor cycle #404 completed successfully
[2026-03-15 05:31:31] DAEMON: Waiting 300 seconds until next cycle
[2026-03-15 05:32:31] DAEMON: Monitor cycle #404 timeout - killing process
[2026-03-15 05:36:31] DAEMON: Starting monitor cycle #405
[2026-03-15 05:36:31] DAEMON: Monitor cycle #405 completed successfully
[2026-03-15 05:36:31] DAEMON: Waiting 300 seconds until next cycle
[2026-03-15 05:37:31] DAEMON: Monitor cycle #405 timeout - killing process
[2026-03-15 05:41:31] DAEMON: Starting monitor cycle #406
[2026-03-15 05:41:31] DAEMON: Monitor cycle #406 completed successfully
[2026-03-15 05:41:31] DAEMON: Waiting 300 seconds until next cycle
[2026-03-15 05:42:31] DAEMON: Monitor cycle #406 timeout - killing process
[2026-03-15 05:46:31] DAEMON: Starting monitor cycle #407
[2026-03-15 05:46:32] DAEMON: Monitor cycle #407 completed successfully
[2026-03-15 05:46:32] DAEMON: Waiting 300 seconds until next cycle
[2026-03-15 05:47:31] DAEMON: Monitor cycle #407 timeout - killing process
[2026-03-15 05:51:32] DAEMON: Starting monitor cycle #408
[2026-03-15 05:51:32] DAEMON: Monitor cycle #408 completed successfully
[2026-03-15 05:51:32] DAEMON: Waiting 300 seconds until next cycle
[2026-03-15 05:52:32] DAEMON: Monitor cycle #408 timeout - killing process
[2026-03-15 05:56:32] DAEMON: Starting monitor cycle #409
[2026-03-15 05:56:32] DAEMON: Monitor cycle #409 completed successfully
[2026-03-15 05:56:32] DAEMON: Waiting 300 seconds until next cycle
[2026-03-15 05:57:32] DAEMON: Monitor cycle #409 timeout - killing process
[2026-03-15 06:01:32] DAEMON: Starting monitor cycle #410
[2026-03-15 06:01:32] DAEMON: Monitor cycle #410 completed successfully
[2026-03-15 06:01:32] DAEMON: Waiting 300 seconds until next cycle
[2026-03-15 06:02:32] DAEMON: Monitor cycle #410 timeout - killing process
[2026-03-15 06:06:32] DAEMON: Starting monitor cycle #411
[2026-03-15 06:06:32] DAEMON: Monitor cycle #411 completed successfully
[2026-03-15 06:06:32] DAEMON: Waiting 300 seconds until next cycle
[2026-03-15 06:07:32] DAEMON: Monitor cycle #411 timeout - killing process
[2026-03-15 06:11:32] DAEMON: Starting monitor cycle #412
[2026-03-15 06:11:32] DAEMON: Monitor cycle #412 completed successfully
[2026-03-15 06:11:32] DAEMON: Waiting 300 seconds until next cycle
[2026-03-15 06:12:32] DAEMON: Monitor cycle #412 timeout - killing process
[2026-03-15 06:16:32] DAEMON: Starting monitor cycle #413
[2026-03-15 06:16:32] DAEMON: Monitor cycle #413 completed successfully
[2026-03-15 06:16:32] DAEMON: Waiting 300 seconds until next cycle
[2026-03-15 06:17:32] DAEMON: Monitor cycle #413 timeout - killing process
[2026-03-15 06:21:32] DAEMON: Starting monitor cycle #414
[2026-03-15 06:21:32] DAEMON: Monitor cycle #414 completed successfully
[2026-03-15 06:21:32] DAEMON: Waiting 300 seconds until next cycle
[2026-03-15 06:22:32] DAEMON: Monitor cycle #414 timeout - killing process
[2026-03-15 06:26:33] DAEMON: Starting monitor cycle #415
[2026-03-15 06:26:33] DAEMON: Monitor cycle #415 completed successfully
[2026-03-15 06:26:33] DAEMON: Waiting 300 seconds until next cycle
[2026-03-15 06:27:33] DAEMON: Monitor cycle #415 timeout - killing process
[2026-03-15 06:31:33] DAEMON: Starting monitor cycle #416
[2026-03-15 06:31:33] DAEMON: Monitor cycle #416 completed successfully
[2026-03-15 06:31:33] DAEMON: Waiting 300 seconds until next cycle
[2026-03-15 06:32:33] DAEMON: Monitor cycle #416 timeout - killing process
[2026-03-15 06:36:33] DAEMON: Starting monitor cycle #417
[2026-03-15 06:36:33] DAEMON: Monitor cycle #417 completed successfully
[2026-03-15 06:36:33] DAEMON: Waiting 300 seconds until next cycle
[2026-03-15 06:37:33] DAEMON: Monitor cycle #417 timeout - killing process
[2026-03-15 06:41:33] DAEMON: Starting monitor cycle #418
[2026-03-15 06:41:33] DAEMON: Monitor cycle #418 completed successfully
[2026-03-15 06:41:33] DAEMON: Waiting 300 seconds until next cycle
[2026-03-15 06:42:33] DAEMON: Monitor cycle #418 timeout - killing process
[2026-03-15 06:46:33] DAEMON: Starting monitor cycle #419
[2026-03-15 06:46:33] DAEMON: Monitor cycle #419 completed successfully
[2026-03-15 06:46:33] DAEMON: Waiting 300 seconds until next cycle
[2026-03-15 06:47:33] DAEMON: Monitor cycle #419 timeout - killing process
[2026-03-15 06:51:33] DAEMON: Starting monitor cycle #420
[2026-03-15 06:51:33] DAEMON: Monitor cycle #420 completed successfully
[2026-03-15 06:51:33] DAEMON: Waiting 300 seconds until next cycle
[2026-03-15 06:52:33] DAEMON: Monitor cycle #420 timeout - killing process
[2026-03-15 06:56:33] DAEMON: Starting monitor cycle #421
[2026-03-15 06:56:33] DAEMON: Monitor cycle #421 completed successfully
[2026-03-15 06:56:33] DAEMON: Waiting 300 seconds until next cycle
[2026-03-15 06:57:33] DAEMON: Monitor cycle #421 timeout - killing process
[2026-03-15 07:01:33] DAEMON: Starting monitor cycle #422
[2026-03-15 07:01:33] DAEMON: Monitor cycle #422 completed successfully
[2026-03-15 07:01:33] DAEMON: Waiting 300 seconds until next cycle
[2026-03-15 07:02:33] DAEMON: Monitor cycle #422 timeout - killing process
[2026-03-15 07:06:33] DAEMON: Starting monitor cycle #423
[2026-03-15 07:06:33] DAEMON: Monitor cycle #423 completed successfully
[2026-03-15 07:06:33] DAEMON: Waiting 300 seconds until next cycle
[2026-03-15 07:07:33] DAEMON: Monitor cycle #423 timeout - killing process
[2026-03-15 07:11:34] DAEMON: Starting monitor cycle #424
[2026-03-15 07:11:34] DAEMON: Monitor cycle #424 completed successfully
[2026-03-15 07:11:34] DAEMON: Waiting 300 seconds until next cycle
[2026-03-15 07:12:34] DAEMON: Monitor cycle #424 timeout - killing process
[2026-03-15 07:16:34] DAEMON: Starting monitor cycle #425
[2026-03-15 07:16:34] DAEMON: Monitor cycle #425 completed successfully
[2026-03-15 07:16:34] DAEMON: Waiting 300 seconds until next cycle
[2026-03-15 07:17:34] DAEMON: Monitor cycle #425 timeout - killing process
[2026-03-15 07:21:34] DAEMON: Starting monitor cycle #426
[2026-03-15 07:21:34] DAEMON: Monitor cycle #426 completed successfully
[2026-03-15 07:21:34] DAEMON: Waiting 300 seconds until next cycle
[2026-03-15 07:22:34] DAEMON: Monitor cycle #426 timeout - killing process
[2026-03-15 07:26:34] DAEMON: Starting monitor cycle #427
[2026-03-15 07:26:34] DAEMON: Monitor cycle #427 completed successfully
[2026-03-15 07:26:34] DAEMON: Waiting 300 seconds until next cycle
[2026-03-15 07:27:34] DAEMON: Monitor cycle #427 timeout - killing process
[2026-03-15 07:31:34] DAEMON: Starting monitor cycle #428
[2026-03-15 07:31:34] DAEMON: Monitor cycle #428 completed successfully
[2026-03-15 07:31:34] DAEMON: Waiting 300 seconds until next cycle
[2026-03-15 07:32:34] DAEMON: Monitor cycle #428 timeout - killing process
[2026-03-15 07:36:34] DAEMON: Starting monitor cycle #429
[2026-03-15 07:36:34] DAEMON: Monitor cycle #429 completed successfully
[2026-03-15 07:36:34] DAEMON: Waiting 300 seconds until next cycle
[2026-03-15 07:37:34] DAEMON: Monitor cycle #429 timeout - killing process
[2026-03-15 07:41:34] DAEMON: Starting monitor cycle #430
[2026-03-15 07:41:34] DAEMON: Monitor cycle #430 completed successfully
[2026-03-15 07:41:34] DAEMON: Waiting 300 seconds until next cycle
[2026-03-15 07:42:34] DAEMON: Monitor cycle #430 timeout - killing process
[2026-03-15 07:46:34] DAEMON: Starting monitor cycle #431
[2026-03-15 07:46:34] DAEMON: Monitor cycle #431 completed successfully
[2026-03-15 07:46:34] DAEMON: Waiting 300 seconds until next cycle
[2026-03-15 07:47:34] DAEMON: Monitor cycle #431 timeout - killing process
[2026-03-15 07:51:34] DAEMON: Starting monitor cycle #432
[2026-03-15 07:51:34] DAEMON: Monitor cycle #432 completed successfully
[2026-03-15 07:51:34] DAEMON: Waiting 300 seconds until next cycle
[2026-03-15 07:52:34] DAEMON: Monitor cycle #432 timeout - killing process
[2026-03-15 07:56:35] DAEMON: Starting monitor cycle #433
[2026-03-15 07:56:35] DAEMON: Monitor cycle #433 completed successfully
[2026-03-15 07:56:35] DAEMON: Waiting 300 seconds until next cycle
[2026-03-15 07:57:35] DAEMON: Monitor cycle #433 timeout - killing process
[2026-03-15 08:01:35] DAEMON: Starting monitor cycle #434
[2026-03-15 08:01:35] DAEMON: Monitor cycle #434 completed successfully
[2026-03-15 08:01:35] DAEMON: Waiting 300 seconds until next cycle
[2026-03-15 08:02:35] DAEMON: Monitor cycle #434 timeout - killing process
[2026-03-15 08:06:35] DAEMON: Starting monitor cycle #435
[2026-03-15 08:06:35] DAEMON: Monitor cycle #435 completed successfully
[2026-03-15 08:06:35] DAEMON: Waiting 300 seconds until next cycle
[2026-03-15 08:07:35] DAEMON: Monitor cycle #435 timeout - killing process
[2026-03-15 08:11:35] DAEMON: Starting monitor cycle #436
[2026-03-15 08:11:35] DAEMON: Monitor cycle #436 completed successfully
[2026-03-15 08:11:35] DAEMON: Waiting 300 seconds until next cycle
[2026-03-15 08:12:35] DAEMON: Monitor cycle #436 timeout - killing process
[2026-03-15 08:16:35] DAEMON: Starting monitor cycle #437
[2026-03-15 08:16:35] DAEMON: Monitor cycle #437 completed successfully
[2026-03-15 08:16:35] DAEMON: Waiting 300 seconds until next cycle
[2026-03-15 08:17:35] DAEMON: Monitor cycle #437 timeout - killing process
[2026-03-15 08:21:35] DAEMON: Starting monitor cycle #438
[2026-03-15 08:21:35] DAEMON: Monitor cycle #438 completed successfully
[2026-03-15 08:21:35] DAEMON: Waiting 300 seconds until next cycle
[2026-03-15 08:22:35] DAEMON: Monitor cycle #438 timeout - killing process
[2026-03-15 08:26:35] DAEMON: Starting monitor cycle #439
[2026-03-15 08:26:35] DAEMON: Monitor cycle #439 completed successfully
[2026-03-15 08:26:35] DAEMON: Waiting 300 seconds until next cycle
[2026-03-15 08:27:35] DAEMON: Monitor cycle #439 timeout - killing process
[2026-03-15 08:31:35] DAEMON: Starting monitor cycle #440
[2026-03-15 08:31:35] DAEMON: Monitor cycle #440 completed successfully
[2026-03-15 08:31:35] DAEMON: Waiting 300 seconds until next cycle
[2026-03-15 08:32:35] DAEMON: Monitor cycle #440 timeout - killing process
[2026-03-15 08:36:36] DAEMON: Starting monitor cycle #441
[2026-03-15 08:36:36] DAEMON: Monitor cycle #441 completed successfully
[2026-03-15 08:36:36] DAEMON: Waiting 300 seconds until next cycle
[2026-03-15 08:37:36] DAEMON: Monitor cycle #441 timeout - killing process
[2026-03-15 08:41:36] DAEMON: Starting monitor cycle #442
[2026-03-15 08:41:36] DAEMON: Monitor cycle #442 completed successfully
[2026-03-15 08:41:36] DAEMON: Waiting 300 seconds until next cycle
[2026-03-15 08:42:36] DAEMON: Monitor cycle #442 timeout - killing process
[2026-03-15 08:46:36] DAEMON: Starting monitor cycle #443
[2026-03-15 08:46:36] DAEMON: Monitor cycle #443 completed successfully
[2026-03-15 08:46:36] DAEMON: Waiting 300 seconds until next cycle
[2026-03-15 08:47:36] DAEMON: Monitor cycle #443 timeout - killing process
[2026-03-15 08:51:36] DAEMON: Starting monitor cycle #444
[2026-03-15 08:51:36] DAEMON: Monitor cycle #444 completed successfully
[2026-03-15 08:51:36] DAEMON: Waiting 300 seconds until next cycle
[2026-03-15 08:52:36] DAEMON: Monitor cycle #444 timeout - killing process
[2026-03-15 08:56:36] DAEMON: Starting monitor cycle #445
[2026-03-15 08:56:36] DAEMON: Monitor cycle #445 completed successfully
[2026-03-15 08:56:36] DAEMON: Waiting 300 seconds until next cycle
[2026-03-15 08:57:36] DAEMON: Monitor cycle #445 timeout - killing process
[2026-03-15 09:01:36] DAEMON: Starting monitor cycle #446
[2026-03-15 09:01:36] DAEMON: Monitor cycle #446 completed successfully
[2026-03-15 09:01:36] DAEMON: Waiting 300 seconds until next cycle
[2026-03-15 09:02:36] DAEMON: Monitor cycle #446 timeout - killing process
[2026-03-15 09:06:36] DAEMON: Starting monitor cycle #447
[2026-03-15 09:06:36] DAEMON: Monitor cycle #447 completed successfully
[2026-03-15 09:06:36] DAEMON: Waiting 300 seconds until next cycle
[2026-03-15 09:07:36] DAEMON: Monitor cycle #447 timeout - killing process
[2026-03-15 09:11:36] DAEMON: Starting monitor cycle #448
[2026-03-15 09:11:36] DAEMON: Monitor cycle #448 completed successfully
[2026-03-15 09:11:36] DAEMON: Waiting 300 seconds until next cycle
[2026-03-15 09:12:36] DAEMON: Monitor cycle #448 timeout - killing process
[2026-03-15 09:16:36] DAEMON: Starting monitor cycle #449
[2026-03-15 09:16:37] DAEMON: Monitor cycle #449 completed successfully
[2026-03-15 09:16:37] DAEMON: Waiting 300 seconds until next cycle
[2026-03-15 09:17:37] DAEMON: Monitor cycle #449 timeout - killing process
[2026-03-15 09:21:37] DAEMON: Starting monitor cycle #450
[2026-03-15 09:21:37] DAEMON: Monitor cycle #450 completed successfully
[2026-03-15 09:21:37] DAEMON: Waiting 300 seconds until next cycle
[2026-03-15 09:22:37] DAEMON: Monitor cycle #450 timeout - killing process
[2026-03-15 09:26:37] DAEMON: Starting monitor cycle #451
[2026-03-15 09:26:37] DAEMON: Monitor cycle #451 completed successfully
[2026-03-15 09:26:37] DAEMON: Waiting 300 seconds until next cycle
[2026-03-15 09:27:37] DAEMON: Monitor cycle #451 timeout - killing process
[2026-03-15 09:31:37] DAEMON: Starting monitor cycle #452
[2026-03-15 09:31:37] DAEMON: Monitor cycle #452 completed successfully
[2026-03-15 09:31:37] DAEMON: Waiting 300 seconds until next cycle
[2026-03-15 09:32:37] DAEMON: Monitor cycle #452 timeout - killing process
[2026-03-15 09:36:37] DAEMON: Starting monitor cycle #453
[2026-03-15 09:36:37] DAEMON: Monitor cycle #453 completed successfully
[2026-03-15 09:36:37] DAEMON: Waiting 300 seconds until next cycle
[2026-03-15 09:37:37] DAEMON: Monitor cycle #453 timeout - killing process
[2026-03-15 09:41:37] DAEMON: Starting monitor cycle #454
[2026-03-15 09:41:37] DAEMON: Monitor cycle #454 completed successfully
[2026-03-15 09:41:37] DAEMON: Waiting 300 seconds until next cycle
[2026-03-15 09:42:37] DAEMON: Monitor cycle #454 timeout - killing process
[2026-03-15 09:46:37] DAEMON: Starting monitor cycle #455
[2026-03-15 09:46:37] DAEMON: Monitor cycle #455 completed successfully
[2026-03-15 09:46:37] DAEMON: Waiting 300 seconds until next cycle
[2026-03-15 09:47:37] DAEMON: Monitor cycle #455 timeout - killing process
[2026-03-15 09:51:37] DAEMON: Starting monitor cycle #456
[2026-03-15 09:51:37] DAEMON: Monitor cycle #456 completed successfully
[2026-03-15 09:51:37] DAEMON: Waiting 300 seconds until next cycle
[2026-03-15 09:52:37] DAEMON: Monitor cycle #456 timeout - killing process
[2026-03-15 09:56:37] DAEMON: Starting monitor cycle #457
[2026-03-15 09:56:37] DAEMON: Monitor cycle #457 completed successfully
[2026-03-15 09:56:37] DAEMON: Waiting 300 seconds until next cycle
[2026-03-15 09:57:37] DAEMON: Monitor cycle #457 timeout - killing process
[2026-03-15 10:01:37] DAEMON: Starting monitor cycle #458
[2026-03-15 10:01:37] DAEMON: Monitor cycle #458 completed successfully
[2026-03-15 10:01:37] DAEMON: Waiting 300 seconds until next cycle
[2026-03-15 10:02:38] DAEMON: Monitor cycle #458 timeout - killing process
[2026-03-15 10:06:38] DAEMON: Starting monitor cycle #459
[2026-03-15 10:06:38] DAEMON: Monitor cycle #459 completed successfully
[2026-03-15 10:06:38] DAEMON: Waiting 300 seconds until next cycle
[2026-03-15 10:07:38] DAEMON: Monitor cycle #459 timeout - killing process
[2026-03-15 10:11:38] DAEMON: Starting monitor cycle #460
[2026-03-15 10:11:38] DAEMON: Monitor cycle #460 completed successfully
[2026-03-15 10:11:38] DAEMON: Waiting 300 seconds until next cycle
[2026-03-15 10:12:38] DAEMON: Monitor cycle #460 timeout - killing process
[2026-03-15 10:16:38] DAEMON: Starting monitor cycle #461
[2026-03-15 10:16:38] DAEMON: Monitor cycle #461 completed successfully
[2026-03-15 10:16:38] DAEMON: Waiting 300 seconds until next cycle
[2026-03-15 10:17:38] DAEMON: Monitor cycle #461 timeout - killing process
[2026-03-15 10:21:38] DAEMON: Starting monitor cycle #462
[2026-03-15 10:21:38] DAEMON: Monitor cycle #462 completed successfully
[2026-03-15 10:21:38] DAEMON: Waiting 300 seconds until next cycle
[2026-03-15 10:22:38] DAEMON: Monitor cycle #462 timeout - killing process
[2026-03-15 10:26:38] DAEMON: Starting monitor cycle #463
[2026-03-15 10:26:38] DAEMON: Monitor cycle #463 completed successfully
[2026-03-15 10:26:38] DAEMON: Waiting 300 seconds until next cycle
[2026-03-15 10:27:38] DAEMON: Monitor cycle #463 timeout - killing process
[2026-03-15 10:31:38] DAEMON: Starting monitor cycle #464
[2026-03-15 10:31:38] DAEMON: Monitor cycle #464 completed successfully
[2026-03-15 10:31:38] DAEMON: Waiting 300 seconds until next cycle
[2026-03-15 10:32:38] DAEMON: Monitor cycle #464 timeout - killing process
[2026-03-15 10:36:38] DAEMON: Starting monitor cycle #465
[2026-03-15 10:36:38] DAEMON: Monitor cycle #465 completed successfully
[2026-03-15 10:36:38] DAEMON: Waiting 300 seconds until next cycle
[2026-03-15 10:37:38] DAEMON: Monitor cycle #465 timeout - killing process
[2026-03-15 10:41:38] DAEMON: Starting monitor cycle #466
[2026-03-15 10:41:38] DAEMON: Monitor cycle #466 completed successfully
[2026-03-15 10:41:38] DAEMON: Waiting 300 seconds until next cycle
[2026-03-15 10:42:38] DAEMON: Monitor cycle #466 timeout - killing process
[2026-03-15 10:46:38] DAEMON: Starting monitor cycle #467
[2026-03-15 10:46:38] DAEMON: Monitor cycle #467 completed successfully
[2026-03-15 10:46:38] DAEMON: Waiting 300 seconds until next cycle
[2026-03-15 10:47:38] DAEMON: Monitor cycle #467 timeout - killing process
[2026-03-15 10:51:38] DAEMON: Starting monitor cycle #468
[2026-03-15 10:51:38] DAEMON: Monitor cycle #468 completed successfully
[2026-03-15 10:51:38] DAEMON: Waiting 300 seconds until next cycle
[2026-03-15 10:52:38] DAEMON: Monitor cycle #468 timeout - killing process
[2026-03-15 10:56:39] DAEMON: Starting monitor cycle #469
[2026-03-15 10:56:39] DAEMON: Monitor cycle #469 completed successfully
[2026-03-15 10:56:39] DAEMON: Waiting 300 seconds until next cycle
[2026-03-15 10:57:39] DAEMON: Monitor cycle #469 timeout - killing process
[2026-03-15 11:01:39] DAEMON: Starting monitor cycle #470
[2026-03-15 11:01:39] DAEMON: Monitor cycle #470 completed successfully
[2026-03-15 11:01:39] DAEMON: Waiting 300 seconds until next cycle
[2026-03-15 11:02:39] DAEMON: Monitor cycle #470 timeout - killing process
[2026-03-15 11:06:39] DAEMON: Starting monitor cycle #471
[2026-03-15 11:06:39] DAEMON: Monitor cycle #471 completed successfully
[2026-03-15 11:06:39] DAEMON: Waiting 300 seconds until next cycle
[2026-03-15 11:07:39] DAEMON: Monitor cycle #471 timeout - killing process
[2026-03-15 11:11:39] DAEMON: Starting monitor cycle #472
[2026-03-15 11:11:39] DAEMON: Monitor cycle #472 completed successfully
[2026-03-15 11:11:39] DAEMON: Waiting 300 seconds until next cycle
[2026-03-15 11:12:39] DAEMON: Monitor cycle #472 timeout - killing process
[2026-03-15 11:16:39] DAEMON: Starting monitor cycle #473
[2026-03-15 11:16:39] DAEMON: Monitor cycle #473 completed successfully
[2026-03-15 11:16:39] DAEMON: Waiting 300 seconds until next cycle
[2026-03-15 11:17:39] DAEMON: Monitor cycle #473 timeout - killing process
[2026-03-15 11:21:39] DAEMON: Starting monitor cycle #474
[2026-03-15 11:21:39] DAEMON: Monitor cycle #474 completed successfully
[2026-03-15 11:21:39] DAEMON: Waiting 300 seconds until next cycle
[2026-03-15 11:22:39] DAEMON: Monitor cycle #474 timeout - killing process
[2026-03-15 11:26:39] DAEMON: Starting monitor cycle #475
[2026-03-15 11:26:39] DAEMON: Monitor cycle #475 completed successfully
[2026-03-15 11:26:39] DAEMON: Waiting 300 seconds until next cycle
[2026-03-15 11:27:39] DAEMON: Monitor cycle #475 timeout - killing process
[2026-03-15 11:31:39] DAEMON: Starting monitor cycle #476
[2026-03-15 11:31:39] DAEMON: Monitor cycle #476 completed successfully
[2026-03-15 11:31:39] DAEMON: Waiting 300 seconds until next cycle
[2026-03-15 11:32:39] DAEMON: Monitor cycle #476 timeout - killing process
[2026-03-15 11:36:39] DAEMON: Starting monitor cycle #477
[2026-03-15 11:36:39] DAEMON: Monitor cycle #477 completed successfully
[2026-03-15 11:36:39] DAEMON: Waiting 300 seconds until next cycle
[2026-03-15 11:37:39] DAEMON: Monitor cycle #477 timeout - killing process
[2026-03-15 11:41:39] DAEMON: Starting monitor cycle #478
[2026-03-15 11:41:40] DAEMON: Monitor cycle #478 completed successfully
[2026-03-15 11:41:40] DAEMON: Waiting 300 seconds until next cycle
[2026-03-15 11:42:40] DAEMON: Monitor cycle #478 timeout - killing process
[2026-03-15 11:46:40] DAEMON: Starting monitor cycle #479
[2026-03-15 11:46:40] DAEMON: Monitor cycle #479 completed successfully
[2026-03-15 11:46:40] DAEMON: Waiting 300 seconds until next cycle
[2026-03-15 11:47:40] DAEMON: Monitor cycle #479 timeout - killing process
[2026-03-15 11:51:40] DAEMON: Starting monitor cycle #480
[2026-03-15 11:51:40] DAEMON: Monitor cycle #480 completed successfully
[2026-03-15 11:51:40] DAEMON: Waiting 300 seconds until next cycle
[2026-03-15 11:52:40] DAEMON: Monitor cycle #480 timeout - killing process
[2026-03-15 11:56:40] DAEMON: Starting monitor cycle #481
[2026-03-15 11:56:40] DAEMON: Monitor cycle #481 completed successfully
[2026-03-15 11:56:40] DAEMON: Waiting 300 seconds until next cycle
[2026-03-15 11:57:40] DAEMON: Monitor cycle #481 timeout - killing process
[2026-03-15 12:01:40] DAEMON: Starting monitor cycle #482
[2026-03-15 12:01:40] DAEMON: Monitor cycle #482 completed successfully
[2026-03-15 12:01:40] DAEMON: Waiting 300 seconds until next cycle
[2026-03-15 12:02:40] DAEMON: Monitor cycle #482 timeout - killing process
[2026-03-15 12:06:40] DAEMON: Starting monitor cycle #483
[2026-03-15 12:06:40] DAEMON: Monitor cycle #483 completed successfully
[2026-03-15 12:06:40] DAEMON: Waiting 300 seconds until next cycle
[2026-03-15 12:07:40] DAEMON: Monitor cycle #483 timeout - killing process
[2026-03-15 12:11:40] DAEMON: Starting monitor cycle #484
[2026-03-15 12:11:40] DAEMON: Monitor cycle #484 completed successfully
[2026-03-15 12:11:40] DAEMON: Waiting 300 seconds until next cycle
[2026-03-15 12:12:40] DAEMON: Monitor cycle #484 timeout - killing process
[2026-03-15 12:16:40] DAEMON: Starting monitor cycle #485
[2026-03-15 12:16:40] DAEMON: Monitor cycle #485 completed successfully
[2026-03-15 12:16:40] DAEMON: Waiting 300 seconds until next cycle
[2026-03-15 12:17:40] DAEMON: Monitor cycle #485 timeout - killing process
[2026-03-15 12:21:40] DAEMON: Starting monitor cycle #486
[2026-03-15 12:21:41] DAEMON: Monitor cycle #486 completed successfully
[2026-03-15 12:21:41] DAEMON: Waiting 300 seconds until next cycle
[2026-03-15 12:22:41] DAEMON: Monitor cycle #486 timeout - killing process
[2026-03-15 12:26:41] DAEMON: Starting monitor cycle #487
[2026-03-15 12:26:41] DAEMON: Monitor cycle #487 completed successfully
[2026-03-15 12:26:41] DAEMON: Waiting 300 seconds until next cycle
[2026-03-15 12:27:41] DAEMON: Monitor cycle #487 timeout - killing process
[2026-03-15 12:31:41] DAEMON: Starting monitor cycle #488
[2026-03-15 12:31:41] DAEMON: Monitor cycle #488 completed successfully
[2026-03-15 12:31:41] DAEMON: Waiting 300 seconds until next cycle
[2026-03-15 12:32:41] DAEMON: Monitor cycle #488 timeout - killing process
[2026-03-15 12:36:41] DAEMON: Starting monitor cycle #489
[2026-03-15 12:36:41] DAEMON: Monitor cycle #489 completed successfully
[2026-03-15 12:36:41] DAEMON: Waiting 300 seconds until next cycle
[2026-03-15 12:37:41] DAEMON: Monitor cycle #489 timeout - killing process
[2026-03-15 12:41:41] DAEMON: Starting monitor cycle #490
[2026-03-15 12:41:41] DAEMON: Monitor cycle #490 completed successfully
[2026-03-15 12:41:41] DAEMON: Waiting 300 seconds until next cycle
[2026-03-15 12:42:41] DAEMON: Monitor cycle #490 timeout - killing process
[2026-03-15 12:46:41] DAEMON: Starting monitor cycle #491
[2026-03-15 12:46:41] DAEMON: Monitor cycle #491 completed successfully
[2026-03-15 12:46:41] DAEMON: Waiting 300 seconds until next cycle
[2026-03-15 12:47:41] DAEMON: Monitor cycle #491 timeout - killing process
[2026-03-15 12:51:41] DAEMON: Starting monitor cycle #492
[2026-03-15 12:51:41] DAEMON: Monitor cycle #492 completed successfully
[2026-03-15 12:51:41] DAEMON: Waiting 300 seconds until next cycle
[2026-03-15 12:52:41] DAEMON: Monitor cycle #492 timeout - killing process
[2026-03-15 12:56:41] DAEMON: Starting monitor cycle #493
[2026-03-15 12:56:41] DAEMON: Monitor cycle #493 completed successfully
[2026-03-15 12:56:41] DAEMON: Waiting 300 seconds until next cycle
[2026-03-15 12:57:41] DAEMON: Monitor cycle #493 timeout - killing process
[2026-03-15 13:01:41] DAEMON: Starting monitor cycle #494
[2026-03-15 13:01:41] DAEMON: Monitor cycle #494 completed successfully
[2026-03-15 13:01:41] DAEMON: Waiting 300 seconds until next cycle
[2026-03-15 13:02:41] DAEMON: Monitor cycle #494 timeout - killing process
[2026-03-15 13:06:41] DAEMON: Starting monitor cycle #495
[2026-03-15 13:06:41] DAEMON: Monitor cycle #495 completed successfully
[2026-03-15 13:06:41] DAEMON: Waiting 300 seconds until next cycle
[2026-03-15 13:07:41] DAEMON: Monitor cycle #495 timeout - killing process
[2026-03-15 13:11:42] DAEMON: Starting monitor cycle #496
[2026-03-15 13:11:42] DAEMON: Monitor cycle #496 completed successfully
[2026-03-15 13:11:42] DAEMON: Waiting 300 seconds until next cycle
[2026-03-15 13:12:42] DAEMON: Monitor cycle #496 timeout - killing process
[2026-03-15 13:16:42] DAEMON: Starting monitor cycle #497
[2026-03-15 13:16:42] DAEMON: Monitor cycle #497 completed successfully
[2026-03-15 13:16:42] DAEMON: Waiting 300 seconds until next cycle
[2026-03-15 13:17:42] DAEMON: Monitor cycle #497 timeout - killing process
[2026-03-15 13:21:42] DAEMON: Starting monitor cycle #498
[2026-03-15 13:21:42] DAEMON: Monitor cycle #498 completed successfully
[2026-03-15 13:21:42] DAEMON: Waiting 300 seconds until next cycle
[2026-03-15 13:22:42] DAEMON: Monitor cycle #498 timeout - killing process
[2026-03-15 13:26:42] DAEMON: Starting monitor cycle #499
[2026-03-15 13:26:42] DAEMON: Monitor cycle #499 completed successfully
[2026-03-15 13:26:42] DAEMON: Waiting 300 seconds until next cycle
[2026-03-15 13:27:42] DAEMON: Monitor cycle #499 timeout - killing process
[2026-03-15 13:31:42] DAEMON: Starting monitor cycle #500
[2026-03-15 13:31:42] DAEMON: Monitor cycle #500 completed successfully
[2026-03-15 13:31:42] DAEMON: Waiting 300 seconds until next cycle
[2026-03-15 13:32:42] DAEMON: Monitor cycle #500 timeout - killing process
[2026-03-15 13:36:42] DAEMON: Starting monitor cycle #501
[2026-03-15 13:36:42] DAEMON: Monitor cycle #501 completed successfully
[2026-03-15 13:36:42] DAEMON: Waiting 300 seconds until next cycle
[2026-03-15 13:37:42] DAEMON: Monitor cycle #501 timeout - killing process
[2026-03-15 13:41:42] DAEMON: Starting monitor cycle #502
[2026-03-15 13:41:42] DAEMON: Monitor cycle #502 completed successfully
[2026-03-15 13:41:42] DAEMON: Waiting 300 seconds until next cycle
[2026-03-15 13:42:42] DAEMON: Monitor cycle #502 timeout - killing process
[2026-03-15 13:46:42] DAEMON: Starting monitor cycle #503
[2026-03-15 13:46:42] DAEMON: Monitor cycle #503 completed successfully
[2026-03-15 13:46:42] DAEMON: Waiting 300 seconds until next cycle
[2026-03-15 13:47:42] DAEMON: Monitor cycle #503 timeout - killing process
[2026-03-15 13:51:42] DAEMON: Starting monitor cycle #504
[2026-03-15 13:51:42] DAEMON: Monitor cycle #504 completed successfully
[2026-03-15 13:51:42] DAEMON: Waiting 300 seconds until next cycle
[2026-03-15 13:52:42] DAEMON: Monitor cycle #504 timeout - killing process
[2026-03-15 13:56:42] DAEMON: Starting monitor cycle #505
[2026-03-15 13:56:42] DAEMON: Monitor cycle #505 completed successfully
[2026-03-15 13:56:42] DAEMON: Waiting 300 seconds until next cycle
[2026-03-15 13:57:42] DAEMON: Monitor cycle #505 timeout - killing process
[2026-03-15 14:01:43] DAEMON: Starting monitor cycle #506
[2026-03-15 14:01:43] DAEMON: Monitor cycle #506 completed successfully
[2026-03-15 14:01:43] DAEMON: Waiting 300 seconds until next cycle
[2026-03-15 14:02:43] DAEMON: Monitor cycle #506 timeout - killing process
[2026-03-15 14:06:43] DAEMON: Starting monitor cycle #507
[2026-03-15 14:06:43] DAEMON: Monitor cycle #507 completed successfully
[2026-03-15 14:06:43] DAEMON: Waiting 300 seconds until next cycle
[2026-03-15 14:07:43] DAEMON: Monitor cycle #507 timeout - killing process
[2026-03-15 14:11:43] DAEMON: Starting monitor cycle #508
[2026-03-15 14:11:43] DAEMON: Monitor cycle #508 completed successfully
[2026-03-15 14:11:43] DAEMON: Waiting 300 seconds until next cycle
[2026-03-15 14:12:43] DAEMON: Monitor cycle #508 timeout - killing process
[2026-03-15 14:16:43] DAEMON: Starting monitor cycle #509
[2026-03-15 14:16:43] DAEMON: Monitor cycle #509 completed successfully
[2026-03-15 14:16:43] DAEMON: Waiting 300 seconds until next cycle
[2026-03-15 14:17:43] DAEMON: Monitor cycle #509 timeout - killing process
[2026-03-15 14:21:43] DAEMON: Starting monitor cycle #510
[2026-03-15 14:21:43] DAEMON: Monitor cycle #510 completed successfully
[2026-03-15 14:21:43] DAEMON: Waiting 300 seconds until next cycle
[2026-03-15 14:22:43] DAEMON: Monitor cycle #510 timeout - killing process
[2026-03-15 14:26:43] DAEMON: Starting monitor cycle #511
[2026-03-15 14:26:43] DAEMON: Monitor cycle #511 completed successfully
[2026-03-15 14:26:43] DAEMON: Waiting 300 seconds until next cycle
[2026-03-15 14:27:43] DAEMON: Monitor cycle #511 timeout - killing process
[2026-03-15 14:31:43] DAEMON: Starting monitor cycle #512
[2026-03-15 14:31:43] DAEMON: Monitor cycle #512 completed successfully
[2026-03-15 14:31:43] DAEMON: Waiting 300 seconds until next cycle
[2026-03-15 14:32:43] DAEMON: Monitor cycle #512 timeout - killing process
[2026-03-15 14:36:43] DAEMON: Starting monitor cycle #513
[2026-03-15 14:36:43] DAEMON: Monitor cycle #513 completed successfully
[2026-03-15 14:36:43] DAEMON: Waiting 300 seconds until next cycle
[2026-03-15 14:37:43] DAEMON: Monitor cycle #513 timeout - killing process
[2026-03-15 14:41:43] DAEMON: Starting monitor cycle #514
[2026-03-15 14:41:43] DAEMON: Monitor cycle #514 completed successfully
[2026-03-15 14:41:43] DAEMON: Waiting 300 seconds until next cycle
[2026-03-15 14:42:43] DAEMON: Monitor cycle #514 timeout - killing process
[2026-03-15 14:46:43] DAEMON: Starting monitor cycle #515
[2026-03-15 14:46:43] DAEMON: Monitor cycle #515 completed successfully
[2026-03-15 14:46:43] DAEMON: Waiting 300 seconds until next cycle
[2026-03-15 14:47:44] DAEMON: Monitor cycle #515 timeout - killing process
[2026-03-15 14:51:44] DAEMON: Starting monitor cycle #516
[2026-03-15 14:51:44] DAEMON: Monitor cycle #516 completed successfully
[2026-03-15 14:51:44] DAEMON: Waiting 300 seconds until next cycle
[2026-03-15 14:52:44] DAEMON: Monitor cycle #516 timeout - killing process
[2026-03-15 14:56:44] DAEMON: Starting monitor cycle #517
[2026-03-15 14:56:44] DAEMON: Monitor cycle #517 completed successfully
[2026-03-15 14:56:44] DAEMON: Waiting 300 seconds until next cycle
[2026-03-15 14:57:44] DAEMON: Monitor cycle #517 timeout - killing process
[2026-03-15 15:01:44] DAEMON: Starting monitor cycle #518
[2026-03-15 15:01:44] DAEMON: Monitor cycle #518 completed successfully
[2026-03-15 15:01:44] DAEMON: Waiting 300 seconds until next cycle
[2026-03-15 15:02:44] DAEMON: Monitor cycle #518 timeout - killing process
[2026-03-15 15:06:44] DAEMON: Starting monitor cycle #519
[2026-03-15 15:06:44] DAEMON: Monitor cycle #519 completed successfully
[2026-03-15 15:06:44] DAEMON: Waiting 300 seconds until next cycle
[2026-03-15 15:07:44] DAEMON: Monitor cycle #519 timeout - killing process
[2026-03-15 15:11:44] DAEMON: Starting monitor cycle #520
[2026-03-15 15:11:44] DAEMON: Monitor cycle #520 completed successfully
[2026-03-15 15:11:44] DAEMON: Waiting 300 seconds until next cycle
[2026-03-15 15:12:44] DAEMON: Monitor cycle #520 timeout - killing process
[2026-03-15 15:16:44] DAEMON: Starting monitor cycle #521
[2026-03-15 15:16:44] DAEMON: Monitor cycle #521 completed successfully
[2026-03-15 15:16:44] DAEMON: Waiting 300 seconds until next cycle
[2026-03-15 15:17:44] DAEMON: Monitor cycle #521 timeout - killing process
[2026-03-15 15:21:44] DAEMON: Starting monitor cycle #522
[2026-03-15 15:21:44] DAEMON: Monitor cycle #522 completed successfully
[2026-03-15 15:21:44] DAEMON: Waiting 300 seconds until next cycle
[2026-03-15 15:22:44] DAEMON: Monitor cycle #522 timeout - killing process
[2026-03-15 15:26:44] DAEMON: Starting monitor cycle #523
[2026-03-15 15:26:44] DAEMON: Monitor cycle #523 completed successfully
[2026-03-15 15:26:44] DAEMON: Waiting 300 seconds until next cycle
[2026-03-15 15:27:44] DAEMON: Monitor cycle #523 timeout - killing process
[2026-03-15 15:31:44] DAEMON: Starting monitor cycle #524
[2026-03-15 15:31:44] DAEMON: Monitor cycle #524 completed successfully
[2026-03-15 15:31:44] DAEMON: Waiting 300 seconds until next cycle
[2026-03-15 15:32:44] DAEMON: Monitor cycle #524 timeout - killing process
[2026-03-15 15:36:44] DAEMON: Starting monitor cycle #525
[2026-03-15 15:36:44] DAEMON: Monitor cycle #525 completed successfully
[2026-03-15 15:36:44] DAEMON: Waiting 300 seconds until next cycle
[2026-03-15 15:37:44] DAEMON: Monitor cycle #525 timeout - killing process
[2026-03-15 15:41:45] DAEMON: Starting monitor cycle #526
[2026-03-15 15:41:45] DAEMON: Monitor cycle #526 completed successfully
[2026-03-15 15:41:45] DAEMON: Waiting 300 seconds until next cycle
[2026-03-15 15:42:45] DAEMON: Monitor cycle #526 timeout - killing process
[2026-03-15 15:46:45] DAEMON: Starting monitor cycle #527
[2026-03-15 15:46:45] DAEMON: Monitor cycle #527 completed successfully
[2026-03-15 15:46:45] DAEMON: Waiting 300 seconds until next cycle
[2026-03-15 15:47:45] DAEMON: Monitor cycle #527 timeout - killing process
[2026-03-15 15:51:45] DAEMON: Starting monitor cycle #528
[2026-03-15 15:51:45] DAEMON: Monitor cycle #528 completed successfully
[2026-03-15 15:51:45] DAEMON: Waiting 300 seconds until next cycle
[2026-03-15 15:52:45] DAEMON: Monitor cycle #528 timeout - killing process
[2026-03-15 15:56:45] DAEMON: Starting monitor cycle #529
[2026-03-15 15:56:45] DAEMON: Monitor cycle #529 completed successfully
[2026-03-15 15:56:45] DAEMON: Waiting 300 seconds until next cycle
[2026-03-15 15:57:45] DAEMON: Monitor cycle #529 timeout - killing process
[2026-03-15 16:01:45] DAEMON: Starting monitor cycle #530
[2026-03-15 16:01:45] DAEMON: Monitor cycle #530 completed successfully
[2026-03-15 16:01:45] DAEMON: Waiting 300 seconds until next cycle
[2026-03-15 16:02:45] DAEMON: Monitor cycle #530 timeout - killing process
[2026-03-15 16:06:45] DAEMON: Starting monitor cycle #531
[2026-03-15 16:06:45] DAEMON: Monitor cycle #531 completed successfully
[2026-03-15 16:06:45] DAEMON: Waiting 300 seconds until next cycle
[2026-03-15 16:07:45] DAEMON: Monitor cycle #531 timeout - killing process
[2026-03-15 16:11:45] DAEMON: Starting monitor cycle #532
[2026-03-15 16:11:45] DAEMON: Monitor cycle #532 completed successfully
[2026-03-15 16:11:45] DAEMON: Waiting 300 seconds until next cycle
[2026-03-15 16:12:45] DAEMON: Monitor cycle #532 timeout - killing process
[2026-03-15 16:16:45] DAEMON: Starting monitor cycle #533
[2026-03-15 16:16:45] DAEMON: Monitor cycle #533 completed successfully
[2026-03-15 16:16:45] DAEMON: Waiting 300 seconds until next cycle
[2026-03-15 16:17:45] DAEMON: Monitor cycle #533 timeout - killing process
[2026-03-15 16:21:45] DAEMON: Starting monitor cycle #534
[2026-03-15 16:21:45] DAEMON: Monitor cycle #534 completed successfully
[2026-03-15 16:21:45] DAEMON: Waiting 300 seconds until next cycle
[2026-03-15 16:22:45] DAEMON: Monitor cycle #534 timeout - killing process
[2026-03-15 16:26:45] DAEMON: Starting monitor cycle #535
[2026-03-15 16:26:45] DAEMON: Monitor cycle #535 completed successfully
[2026-03-15 16:26:46] DAEMON: Waiting 300 seconds until next cycle
[2026-03-15 16:27:46] DAEMON: Monitor cycle #535 timeout - killing process
[2026-03-15 16:31:46] DAEMON: Starting monitor cycle #536
[2026-03-15 16:31:46] DAEMON: Monitor cycle #536 completed successfully
[2026-03-15 16:31:46] DAEMON: Waiting 300 seconds until next cycle
[2026-03-15 16:32:46] DAEMON: Monitor cycle #536 timeout - killing process
[2026-03-15 16:36:46] DAEMON: Starting monitor cycle #537
[2026-03-15 16:36:46] DAEMON: Monitor cycle #537 completed successfully
[2026-03-15 16:36:46] DAEMON: Waiting 300 seconds until next cycle
[2026-03-15 16:37:46] DAEMON: Monitor cycle #537 timeout - killing process
[2026-03-15 16:41:46] DAEMON: Starting monitor cycle #538
[2026-03-15 16:41:46] DAEMON: Monitor cycle #538 completed successfully
[2026-03-15 16:41:46] DAEMON: Waiting 300 seconds until next cycle
[2026-03-15 16:42:46] DAEMON: Monitor cycle #538 timeout - killing process
[2026-03-15 16:46:46] DAEMON: Starting monitor cycle #539
[2026-03-15 16:46:46] DAEMON: Monitor cycle #539 completed successfully
[2026-03-15 16:46:46] DAEMON: Waiting 300 seconds until next cycle
[2026-03-15 16:47:46] DAEMON: Monitor cycle #539 timeout - killing process
[2026-03-15 16:51:46] DAEMON: Starting monitor cycle #540
[2026-03-15 16:51:46] DAEMON: Monitor cycle #540 completed successfully
[2026-03-15 16:51:46] DAEMON: Waiting 300 seconds until next cycle
[2026-03-15 16:52:46] DAEMON: Monitor cycle #540 timeout - killing process
[2026-03-15 16:56:46] DAEMON: Starting monitor cycle #541
[2026-03-15 16:56:46] DAEMON: Monitor cycle #541 completed successfully
[2026-03-15 16:56:46] DAEMON: Waiting 300 seconds until next cycle
[2026-03-15 16:57:46] DAEMON: Monitor cycle #541 timeout - killing process
[2026-03-15 17:01:46] DAEMON: Starting monitor cycle #542
[2026-03-15 17:01:46] DAEMON: Monitor cycle #542 completed successfully
[2026-03-15 17:01:46] DAEMON: Waiting 300 seconds until next cycle
[2026-03-15 17:02:46] DAEMON: Monitor cycle #542 timeout - killing process
[2026-03-15 17:06:46] DAEMON: Starting monitor cycle #543
[2026-03-15 17:06:46] DAEMON: Monitor cycle #543 completed successfully
[2026-03-15 17:06:46] DAEMON: Waiting 300 seconds until next cycle
[2026-03-15 17:07:46] DAEMON: Monitor cycle #543 timeout - killing process
[2026-03-15 17:11:46] DAEMON: Starting monitor cycle #544
[2026-03-15 17:11:46] DAEMON: Monitor cycle #544 completed successfully
[2026-03-15 17:11:46] DAEMON: Waiting 300 seconds until next cycle
[2026-03-15 17:12:46] DAEMON: Monitor cycle #544 timeout - killing process
[2026-03-15 17:16:46] DAEMON: Starting monitor cycle #545
[2026-03-15 17:16:46] DAEMON: Monitor cycle #545 completed successfully
[2026-03-15 17:16:46] DAEMON: Waiting 300 seconds until next cycle
[2026-03-15 17:17:46] DAEMON: Monitor cycle #545 timeout - killing process
[2026-03-15 17:21:47] DAEMON: Starting monitor cycle #546
[2026-03-15 17:21:47] DAEMON: Monitor cycle #546 completed successfully
[2026-03-15 17:21:47] DAEMON: Waiting 300 seconds until next cycle
[2026-03-15 17:22:47] DAEMON: Monitor cycle #546 timeout - killing process
[2026-03-15 17:26:47] DAEMON: Starting monitor cycle #547
[2026-03-15 17:26:47] DAEMON: Monitor cycle #547 completed successfully
[2026-03-15 17:26:47] DAEMON: Waiting 300 seconds until next cycle
[2026-03-15 17:27:47] DAEMON: Monitor cycle #547 timeout - killing process
[2026-03-15 17:31:47] DAEMON: Starting monitor cycle #548
[2026-03-15 17:31:47] DAEMON: Monitor cycle #548 completed successfully
[2026-03-15 17:31:47] DAEMON: Waiting 300 seconds until next cycle
[2026-03-15 17:32:47] DAEMON: Monitor cycle #548 timeout - killing process
[2026-03-15 17:36:47] DAEMON: Starting monitor cycle #549
[2026-03-15 17:36:47] DAEMON: Monitor cycle #549 completed successfully
[2026-03-15 17:36:47] DAEMON: Waiting 300 seconds until next cycle
[2026-03-15 17:37:47] DAEMON: Monitor cycle #549 timeout - killing process
[2026-03-15 17:41:47] DAEMON: Starting monitor cycle #550
[2026-03-15 17:41:47] DAEMON: Monitor cycle #550 completed successfully
[2026-03-15 17:41:47] DAEMON: Waiting 300 seconds until next cycle
[2026-03-15 17:42:47] DAEMON: Monitor cycle #550 timeout - killing process
[2026-03-15 17:46:47] DAEMON: Starting monitor cycle #551
[2026-03-15 17:46:47] DAEMON: Monitor cycle #551 completed successfully
[2026-03-15 17:46:47] DAEMON: Waiting 300 seconds until next cycle
[2026-03-15 17:47:47] DAEMON: Monitor cycle #551 timeout - killing process
[2026-03-15 17:51:47] DAEMON: Starting monitor cycle #552
[2026-03-15 17:51:47] DAEMON: Monitor cycle #552 completed successfully
[2026-03-15 17:51:47] DAEMON: Waiting 300 seconds until next cycle
[2026-03-15 17:52:47] DAEMON: Monitor cycle #552 timeout - killing process
[2026-03-15 17:56:47] DAEMON: Starting monitor cycle #553
[2026-03-15 17:56:47] DAEMON: Monitor cycle #553 completed successfully
[2026-03-15 17:56:47] DAEMON: Waiting 300 seconds until next cycle
[2026-03-15 17:57:47] DAEMON: Monitor cycle #553 timeout - killing process
[2026-03-15 18:01:47] DAEMON: Starting monitor cycle #554
[2026-03-15 18:01:47] DAEMON: Monitor cycle #554 completed successfully
[2026-03-15 18:01:47] DAEMON: Waiting 300 seconds until next cycle
[2026-03-15 18:02:47] DAEMON: Monitor cycle #554 timeout - killing process
[2026-03-15 18:06:48] DAEMON: Starting monitor cycle #555
[2026-03-15 18:06:48] DAEMON: Monitor cycle #555 completed successfully
[2026-03-15 18:06:48] DAEMON: Waiting 300 seconds until next cycle
[2026-03-15 18:07:48] DAEMON: Monitor cycle #555 timeout - killing process
[2026-03-15 18:11:48] DAEMON: Starting monitor cycle #556
[2026-03-15 18:11:48] DAEMON: Monitor cycle #556 completed successfully
[2026-03-15 18:11:48] DAEMON: Waiting 300 seconds until next cycle
[2026-03-15 18:12:48] DAEMON: Monitor cycle #556 timeout - killing process
[2026-03-15 18:16:48] DAEMON: Starting monitor cycle #557
[2026-03-15 18:16:48] DAEMON: Monitor cycle #557 completed successfully
[2026-03-15 18:16:48] DAEMON: Waiting 300 seconds until next cycle
[2026-03-15 18:17:48] DAEMON: Monitor cycle #557 timeout - killing process
[2026-03-15 18:21:48] DAEMON: Starting monitor cycle #558
[2026-03-15 18:21:48] DAEMON: Monitor cycle #558 completed successfully
[2026-03-15 18:21:48] DAEMON: Waiting 300 seconds until next cycle
[2026-03-15 18:22:48] DAEMON: Monitor cycle #558 timeout - killing process
[2026-03-15 18:26:48] DAEMON: Starting monitor cycle #559
[2026-03-15 18:26:48] DAEMON: Monitor cycle #559 completed successfully
[2026-03-15 18:26:48] DAEMON: Waiting 300 seconds until next cycle
[2026-03-15 18:27:48] DAEMON: Monitor cycle #559 timeout - killing process
[2026-03-15 18:31:48] DAEMON: Starting monitor cycle #560
[2026-03-15 18:31:48] DAEMON: Monitor cycle #560 completed successfully
[2026-03-15 18:31:48] DAEMON: Waiting 300 seconds until next cycle
[2026-03-15 18:32:48] DAEMON: Monitor cycle #560 timeout - killing process
[2026-03-15 18:36:48] DAEMON: Starting monitor cycle #561
[2026-03-15 18:36:48] DAEMON: Monitor cycle #561 completed successfully
[2026-03-15 18:36:48] DAEMON: Waiting 300 seconds until next cycle
[2026-03-15 18:37:48] DAEMON: Monitor cycle #561 timeout - killing process
[2026-03-15 18:41:48] DAEMON: Starting monitor cycle #562
[2026-03-15 18:41:48] DAEMON: Monitor cycle #562 completed successfully
[2026-03-15 18:41:48] DAEMON: Waiting 300 seconds until next cycle
[2026-03-15 18:42:48] DAEMON: Monitor cycle #562 timeout - killing process
[2026-03-15 18:46:48] DAEMON: Starting monitor cycle #563
[2026-03-15 18:46:48] DAEMON: Monitor cycle #563 completed successfully
[2026-03-15 18:46:48] DAEMON: Waiting 300 seconds until next cycle
[2026-03-15 18:47:48] DAEMON: Monitor cycle #563 timeout - killing process
[2026-03-15 18:51:48] DAEMON: Starting monitor cycle #564
[2026-03-15 18:51:49] DAEMON: Monitor cycle #564 completed successfully
[2026-03-15 18:51:49] DAEMON: Waiting 300 seconds until next cycle
[2026-03-15 18:52:49] DAEMON: Monitor cycle #564 timeout - killing process
[2026-03-15 18:56:49] DAEMON: Starting monitor cycle #565
[2026-03-15 18:56:49] DAEMON: Monitor cycle #565 completed successfully
[2026-03-15 18:56:49] DAEMON: Waiting 300 seconds until next cycle
[2026-03-15 18:57:49] DAEMON: Monitor cycle #565 timeout - killing process
[2026-03-15 19:01:49] DAEMON: Starting monitor cycle #566
[2026-03-15 19:01:49] DAEMON: Monitor cycle #566 completed successfully
[2026-03-15 19:01:49] DAEMON: Waiting 300 seconds until next cycle
[2026-03-15 19:02:49] DAEMON: Monitor cycle #566 timeout - killing process
[2026-03-15 19:06:49] DAEMON: Starting monitor cycle #567
[2026-03-15 19:06:49] DAEMON: Monitor cycle #567 completed successfully
[2026-03-15 19:06:49] DAEMON: Waiting 300 seconds until next cycle
[2026-03-15 19:07:49] DAEMON: Monitor cycle #567 timeout - killing process
[2026-03-15 19:11:49] DAEMON: Starting monitor cycle #568
[2026-03-15 19:11:49] DAEMON: Monitor cycle #568 completed successfully
[2026-03-15 19:11:49] DAEMON: Waiting 300 seconds until next cycle
[2026-03-15 19:12:49] DAEMON: Monitor cycle #568 timeout - killing process
[2026-03-15 19:16:49] DAEMON: Starting monitor cycle #569
[2026-03-15 19:16:49] DAEMON: Monitor cycle #569 completed successfully
[2026-03-15 19:16:49] DAEMON: Waiting 300 seconds until next cycle
[2026-03-15 19:17:49] DAEMON: Monitor cycle #569 timeout - killing process
[2026-03-15 19:21:49] DAEMON: Starting monitor cycle #570
[2026-03-15 19:21:49] DAEMON: Monitor cycle #570 completed successfully
[2026-03-15 19:21:49] DAEMON: Waiting 300 seconds until next cycle
[2026-03-15 19:22:49] DAEMON: Monitor cycle #570 timeout - killing process
[2026-03-15 19:26:49] DAEMON: Starting monitor cycle #571
[2026-03-15 19:26:49] DAEMON: Monitor cycle #571 completed successfully
[2026-03-15 19:26:49] DAEMON: Waiting 300 seconds until next cycle
[2026-03-15 19:27:49] DAEMON: Monitor cycle #571 timeout - killing process
[2026-03-15 19:31:49] DAEMON: Starting monitor cycle #572
[2026-03-15 19:31:49] DAEMON: Monitor cycle #572 completed successfully
[2026-03-15 19:31:49] DAEMON: Waiting 300 seconds until next cycle
[2026-03-15 19:32:49] DAEMON: Monitor cycle #572 timeout - killing process
[2026-03-15 19:36:49] DAEMON: Starting monitor cycle #573
[2026-03-15 19:36:49] DAEMON: Monitor cycle #573 completed successfully
[2026-03-15 19:36:49] DAEMON: Waiting 300 seconds until next cycle
[2026-03-15 19:37:49] DAEMON: Monitor cycle #573 timeout - killing process
[2026-03-15 19:41:50] DAEMON: Starting monitor cycle #574
[2026-03-15 19:41:50] DAEMON: Monitor cycle #574 completed successfully
[2026-03-15 19:41:50] DAEMON: Waiting 300 seconds until next cycle
[2026-03-15 19:42:50] DAEMON: Monitor cycle #574 timeout - killing process
[2026-03-15 19:46:50] DAEMON: Starting monitor cycle #575
[2026-03-15 19:46:50] DAEMON: Monitor cycle #575 completed successfully
[2026-03-15 19:46:50] DAEMON: Waiting 300 seconds until next cycle
[2026-03-15 19:47:50] DAEMON: Monitor cycle #575 timeout - killing process
[2026-03-15 19:51:50] DAEMON: Starting monitor cycle #576
[2026-03-15 19:51:50] DAEMON: Monitor cycle #576 completed successfully
[2026-03-15 19:51:50] DAEMON: Waiting 300 seconds until next cycle
[2026-03-15 19:52:50] DAEMON: Monitor cycle #576 timeout - killing process
[2026-03-15 19:56:50] DAEMON: Starting monitor cycle #577
[2026-03-15 19:56:50] DAEMON: Monitor cycle #577 completed successfully
[2026-03-15 19:56:50] DAEMON: Waiting 300 seconds until next cycle
[2026-03-15 19:57:50] DAEMON: Monitor cycle #577 timeout - killing process
[2026-03-15 20:01:50] DAEMON: Starting monitor cycle #578
[2026-03-15 20:01:50] DAEMON: Monitor cycle #578 completed successfully
[2026-03-15 20:01:50] DAEMON: Waiting 300 seconds until next cycle
[2026-03-15 20:02:50] DAEMON: Monitor cycle #578 timeout - killing process
[2026-03-15 20:06:50] DAEMON: Starting monitor cycle #579
[2026-03-15 20:06:50] DAEMON: Monitor cycle #579 completed successfully
[2026-03-15 20:06:50] DAEMON: Waiting 300 seconds until next cycle
[2026-03-15 20:07:50] DAEMON: Monitor cycle #579 timeout - killing process
[2026-03-15 20:11:50] DAEMON: Starting monitor cycle #580
[2026-03-15 20:11:50] DAEMON: Monitor cycle #580 completed successfully
[2026-03-15 20:11:50] DAEMON: Waiting 300 seconds until next cycle
[2026-03-15 20:12:50] DAEMON: Monitor cycle #580 timeout - killing process
[2026-03-15 20:16:50] DAEMON: Starting monitor cycle #581
[2026-03-15 20:16:50] DAEMON: Monitor cycle #581 completed successfully
[2026-03-15 20:16:50] DAEMON: Waiting 300 seconds until next cycle
[2026-03-15 20:17:50] DAEMON: Monitor cycle #581 timeout - killing process
[2026-03-15 20:21:50] DAEMON: Starting monitor cycle #582
[2026-03-15 20:21:50] DAEMON: Monitor cycle #582 completed successfully
[2026-03-15 20:21:50] DAEMON: Waiting 300 seconds until next cycle
[2026-03-15 20:22:50] DAEMON: Monitor cycle #582 timeout - killing process
[2026-03-15 20:26:50] DAEMON: Starting monitor cycle #583
[2026-03-15 20:26:50] DAEMON: Monitor cycle #583 completed successfully
[2026-03-15 20:26:50] DAEMON: Waiting 300 seconds until next cycle
[2026-03-15 20:27:51] DAEMON: Monitor cycle #583 timeout - killing process
[2026-03-15 20:31:51] DAEMON: Starting monitor cycle #584
[2026-03-15 20:31:51] DAEMON: Monitor cycle #584 completed successfully
[2026-03-15 20:31:51] DAEMON: Waiting 300 seconds until next cycle
[2026-03-15 20:32:51] DAEMON: Monitor cycle #584 timeout - killing process
[2026-03-15 20:36:51] DAEMON: Starting monitor cycle #585
[2026-03-15 20:36:51] DAEMON: Monitor cycle #585 completed successfully
[2026-03-15 20:36:51] DAEMON: Waiting 300 seconds until next cycle
[2026-03-15 20:37:51] DAEMON: Monitor cycle #585 timeout - killing process
[2026-03-15 20:41:51] DAEMON: Starting monitor cycle #586
[2026-03-15 20:41:51] DAEMON: Monitor cycle #586 completed successfully
[2026-03-15 20:41:51] DAEMON: Waiting 300 seconds until next cycle
[2026-03-15 20:42:51] DAEMON: Monitor cycle #586 timeout - killing process
[2026-03-15 20:46:51] DAEMON: Starting monitor cycle #587
[2026-03-15 20:46:51] DAEMON: Monitor cycle #587 completed successfully
[2026-03-15 20:46:51] DAEMON: Waiting 300 seconds until next cycle
[2026-03-15 20:47:51] DAEMON: Monitor cycle #587 timeout - killing process
[2026-03-15 20:51:51] DAEMON: Starting monitor cycle #588
[2026-03-15 20:51:51] DAEMON: Monitor cycle #588 completed successfully
[2026-03-15 20:51:51] DAEMON: Waiting 300 seconds until next cycle
[2026-03-15 20:52:51] DAEMON: Monitor cycle #588 timeout - killing process
[2026-03-15 20:56:51] DAEMON: Starting monitor cycle #589
[2026-03-15 20:56:51] DAEMON: Monitor cycle #589 completed successfully
[2026-03-15 20:56:51] DAEMON: Waiting 300 seconds until next cycle
[2026-03-15 20:57:51] DAEMON: Monitor cycle #589 timeout - killing process
[2026-03-15 21:01:51] DAEMON: Starting monitor cycle #590
[2026-03-15 21:01:51] DAEMON: Monitor cycle #590 completed successfully
[2026-03-15 21:01:51] DAEMON: Waiting 300 seconds until next cycle
[2026-03-15 21:02:51] DAEMON: Monitor cycle #590 timeout - killing process
[2026-03-15 21:06:51] DAEMON: Starting monitor cycle #591
[2026-03-15 21:06:51] DAEMON: Monitor cycle #591 completed successfully
[2026-03-15 21:06:51] DAEMON: Waiting 300 seconds until next cycle
[2026-03-15 21:07:51] DAEMON: Monitor cycle #591 timeout - killing process
[2026-03-15 21:11:52] DAEMON: Starting monitor cycle #592
[2026-03-15 21:11:52] DAEMON: Monitor cycle #592 completed successfully
[2026-03-15 21:11:52] DAEMON: Waiting 300 seconds until next cycle
[2026-03-15 21:12:52] DAEMON: Monitor cycle #592 timeout - killing process
[2026-03-15 21:16:52] DAEMON: Starting monitor cycle #593
[2026-03-15 21:16:52] DAEMON: Monitor cycle #593 completed successfully
[2026-03-15 21:16:52] DAEMON: Waiting 300 seconds until next cycle
[2026-03-15 21:17:52] DAEMON: Monitor cycle #593 timeout - killing process
[2026-03-15 21:21:52] DAEMON: Starting monitor cycle #594
[2026-03-15 21:21:52] DAEMON: Monitor cycle #594 completed successfully
[2026-03-15 21:21:52] DAEMON: Waiting 300 seconds until next cycle
[2026-03-15 21:22:52] DAEMON: Monitor cycle #594 timeout - killing process
[2026-03-15 21:26:52] DAEMON: Starting monitor cycle #595
[2026-03-15 21:26:52] DAEMON: Monitor cycle #595 completed successfully
[2026-03-15 21:26:52] DAEMON: Waiting 300 seconds until next cycle
[2026-03-15 21:27:52] DAEMON: Monitor cycle #595 timeout - killing process
[2026-03-15 21:31:52] DAEMON: Starting monitor cycle #596
[2026-03-15 21:31:52] DAEMON: Monitor cycle #596 completed successfully
[2026-03-15 21:31:52] DAEMON: Waiting 300 seconds until next cycle
[2026-03-15 21:32:52] DAEMON: Monitor cycle #596 timeout - killing process
[2026-03-15 21:36:52] DAEMON: Starting monitor cycle #597
[2026-03-15 21:36:52] DAEMON: Monitor cycle #597 completed successfully
[2026-03-15 21:36:52] DAEMON: Waiting 300 seconds until next cycle
[2026-03-15 21:37:52] DAEMON: Monitor cycle #597 timeout - killing process
[2026-03-15 21:41:52] DAEMON: Starting monitor cycle #598
[2026-03-15 21:41:52] DAEMON: Monitor cycle #598 completed successfully
[2026-03-15 21:41:52] DAEMON: Waiting 300 seconds until next cycle
[2026-03-15 21:42:52] DAEMON: Monitor cycle #598 timeout - killing process
[2026-03-15 21:46:52] DAEMON: Starting monitor cycle #599
[2026-03-15 21:46:52] DAEMON: Monitor cycle #599 completed successfully
[2026-03-15 21:46:52] DAEMON: Waiting 300 seconds until next cycle
[2026-03-15 21:47:52] DAEMON: Monitor cycle #599 timeout - killing process
[2026-03-15 21:51:52] DAEMON: Starting monitor cycle #600
[2026-03-15 21:51:52] DAEMON: Monitor cycle #600 completed successfully
[2026-03-15 21:51:52] DAEMON: Waiting 300 seconds until next cycle
[2026-03-15 21:52:52] DAEMON: Monitor cycle #600 timeout - killing process
[2026-03-15 21:56:53] DAEMON: Starting monitor cycle #601
[2026-03-15 21:56:53] DAEMON: Monitor cycle #601 completed successfully
[2026-03-15 21:56:53] DAEMON: Waiting 300 seconds until next cycle
[2026-03-15 21:57:53] DAEMON: Monitor cycle #601 timeout - killing process
[2026-03-15 22:01:53] DAEMON: Starting monitor cycle #602
[2026-03-15 22:01:53] DAEMON: Monitor cycle #602 completed successfully
[2026-03-15 22:01:53] DAEMON: Waiting 300 seconds until next cycle
[2026-03-15 22:02:53] DAEMON: Monitor cycle #602 timeout - killing process
[2026-03-15 22:06:53] DAEMON: Starting monitor cycle #603
[2026-03-15 22:06:53] DAEMON: Monitor cycle #603 completed successfully
[2026-03-15 22:06:53] DAEMON: Waiting 300 seconds until next cycle
[2026-03-15 22:07:53] DAEMON: Monitor cycle #603 timeout - killing process
[2026-03-15 22:11:53] DAEMON: Starting monitor cycle #604
[2026-03-15 22:11:53] DAEMON: Monitor cycle #604 completed successfully
[2026-03-15 22:11:53] DAEMON: Waiting 300 seconds until next cycle
[2026-03-15 22:12:53] DAEMON: Monitor cycle #604 timeout - killing process
[2026-03-15 22:16:53] DAEMON: Starting monitor cycle #605
[2026-03-15 22:16:53] DAEMON: Monitor cycle #605 completed successfully
[2026-03-15 22:16:53] DAEMON: Waiting 300 seconds until next cycle
[2026-03-15 22:17:53] DAEMON: Monitor cycle #605 timeout - killing process
[2026-03-15 22:21:53] DAEMON: Starting monitor cycle #606
[2026-03-15 22:21:53] DAEMON: Monitor cycle #606 completed successfully
[2026-03-15 22:21:53] DAEMON: Waiting 300 seconds until next cycle
[2026-03-15 22:22:53] DAEMON: Monitor cycle #606 timeout - killing process
[2026-03-15 22:26:53] DAEMON: Starting monitor cycle #607
[2026-03-15 22:26:53] DAEMON: Monitor cycle #607 completed successfully
[2026-03-15 22:26:53] DAEMON: Waiting 300 seconds until next cycle
[2026-03-15 22:27:53] DAEMON: Monitor cycle #607 timeout - killing process
[2026-03-15 22:31:53] DAEMON: Starting monitor cycle #608
[2026-03-15 22:31:53] DAEMON: Monitor cycle #608 completed successfully
[2026-03-15 22:31:53] DAEMON: Waiting 300 seconds until next cycle
[2026-03-15 22:32:53] DAEMON: Monitor cycle #608 timeout - killing process
[2026-03-15 22:36:53] DAEMON: Starting monitor cycle #609
[2026-03-15 22:36:53] DAEMON: Monitor cycle #609 completed successfully
[2026-03-15 22:36:53] DAEMON: Waiting 300 seconds until next cycle
[2026-03-15 22:37:53] DAEMON: Monitor cycle #609 timeout - killing process
[2026-03-15 22:41:53] DAEMON: Starting monitor cycle #610
[2026-03-15 22:41:53] DAEMON: Monitor cycle #610 completed successfully
[2026-03-15 22:41:53] DAEMON: Waiting 300 seconds until next cycle
[2026-03-15 22:42:53] DAEMON: Monitor cycle #610 timeout - killing process
[2026-03-15 22:46:53] DAEMON: Starting monitor cycle #611
[2026-03-15 22:46:54] DAEMON: Monitor cycle #611 completed successfully
[2026-03-15 22:46:54] DAEMON: Waiting 300 seconds until next cycle
[2026-03-15 22:47:53] DAEMON: Monitor cycle #611 timeout - killing process
[2026-03-15 22:51:54] DAEMON: Starting monitor cycle #612
[2026-03-15 22:51:54] DAEMON: Monitor cycle #612 completed successfully
[2026-03-15 22:51:54] DAEMON: Waiting 300 seconds until next cycle
[2026-03-15 22:52:54] DAEMON: Monitor cycle #612 timeout - killing process
[2026-03-15 22:56:54] DAEMON: Starting monitor cycle #613
[2026-03-15 22:56:54] DAEMON: Monitor cycle #613 completed successfully
[2026-03-15 22:56:54] DAEMON: Waiting 300 seconds until next cycle
[2026-03-15 22:57:54] DAEMON: Monitor cycle #613 timeout - killing process
[2026-03-15 23:01:54] DAEMON: Starting monitor cycle #614
[2026-03-15 23:01:54] DAEMON: Monitor cycle #614 completed successfully
[2026-03-15 23:01:54] DAEMON: Waiting 300 seconds until next cycle
[2026-03-15 23:02:54] DAEMON: Monitor cycle #614 timeout - killing process
[2026-03-15 23:06:54] DAEMON: Starting monitor cycle #615
[2026-03-15 23:06:54] DAEMON: Monitor cycle #615 completed successfully
[2026-03-15 23:06:54] DAEMON: Waiting 300 seconds until next cycle
[2026-03-15 23:07:54] DAEMON: Monitor cycle #615 timeout - killing process
[2026-03-15 23:11:54] DAEMON: Starting monitor cycle #616
[2026-03-15 23:11:54] DAEMON: Monitor cycle #616 completed successfully
[2026-03-15 23:11:54] DAEMON: Waiting 300 seconds until next cycle
[2026-03-15 23:12:54] DAEMON: Monitor cycle #616 timeout - killing process
[2026-03-15 23:16:54] DAEMON: Starting monitor cycle #617
[2026-03-15 23:16:54] DAEMON: Monitor cycle #617 completed successfully
[2026-03-15 23:16:54] DAEMON: Waiting 300 seconds until next cycle
[2026-03-15 23:17:54] DAEMON: Monitor cycle #617 timeout - killing process
[2026-03-15 23:21:54] DAEMON: Starting monitor cycle #618
[2026-03-15 23:21:54] DAEMON: Monitor cycle #618 completed successfully
[2026-03-15 23:21:54] DAEMON: Waiting 300 seconds until next cycle
[2026-03-15 23:22:54] DAEMON: Monitor cycle #618 timeout - killing process
[2026-03-15 23:26:54] DAEMON: Starting monitor cycle #619
[2026-03-15 23:26:54] DAEMON: Monitor cycle #619 completed successfully
[2026-03-15 23:26:54] DAEMON: Waiting 300 seconds until next cycle
[2026-03-15 23:27:54] DAEMON: Monitor cycle #619 timeout - killing process
[2026-03-15 23:31:54] DAEMON: Starting monitor cycle #620
[2026-03-15 23:31:55] DAEMON: Monitor cycle #620 completed successfully
[2026-03-15 23:31:55] DAEMON: Waiting 300 seconds until next cycle
[2026-03-15 23:32:55] DAEMON: Monitor cycle #620 timeout - killing process
[2026-03-15 23:36:55] DAEMON: Starting monitor cycle #621
[2026-03-15 23:36:55] DAEMON: Monitor cycle #621 completed successfully
[2026-03-15 23:36:55] DAEMON: Waiting 300 seconds until next cycle
[2026-03-15 23:37:55] DAEMON: Monitor cycle #621 timeout - killing process
[2026-03-15 23:41:55] DAEMON: Starting monitor cycle #622
[2026-03-15 23:41:55] DAEMON: Monitor cycle #622 completed successfully
[2026-03-15 23:41:55] DAEMON: Waiting 300 seconds until next cycle
[2026-03-15 23:42:55] DAEMON: Monitor cycle #622 timeout - killing process
[2026-03-15 23:46:55] DAEMON: Starting monitor cycle #623
[2026-03-15 23:46:55] DAEMON: Monitor cycle #623 completed successfully
[2026-03-15 23:46:55] DAEMON: Waiting 300 seconds until next cycle
[2026-03-15 23:47:55] DAEMON: Monitor cycle #623 timeout - killing process
[2026-03-15 23:51:55] DAEMON: Starting monitor cycle #624
[2026-03-15 23:51:55] DAEMON: Monitor cycle #624 completed successfully
[2026-03-15 23:51:55] DAEMON: Waiting 300 seconds until next cycle
[2026-03-15 23:52:55] DAEMON: Monitor cycle #624 timeout - killing process
[2026-03-15 23:56:55] DAEMON: Starting monitor cycle #625
[2026-03-15 23:56:55] DAEMON: Monitor cycle #625 completed successfully
[2026-03-15 23:56:55] DAEMON: Waiting 300 seconds until next cycle
[2026-03-15 23:57:55] DAEMON: Monitor cycle #625 timeout - killing process
[2026-03-16 00:01:55] DAEMON: Starting monitor cycle #626
[2026-03-16 00:01:55] DAEMON: Monitor cycle #626 completed successfully
[2026-03-16 00:01:55] DAEMON: Waiting 300 seconds until next cycle
[2026-03-16 00:02:55] DAEMON: Monitor cycle #626 timeout - killing process
[2026-03-16 00:06:55] DAEMON: Starting monitor cycle #627
[2026-03-16 00:06:55] DAEMON: Monitor cycle #627 completed successfully
[2026-03-16 00:06:55] DAEMON: Waiting 300 seconds until next cycle
[2026-03-16 00:07:55] DAEMON: Monitor cycle #627 timeout - killing process
[2026-03-16 00:11:55] DAEMON: Starting monitor cycle #628
[2026-03-16 00:11:55] DAEMON: Monitor cycle #628 completed successfully
[2026-03-16 00:11:55] DAEMON: Waiting 300 seconds until next cycle
[2026-03-16 00:12:55] DAEMON: Monitor cycle #628 timeout - killing process
[2026-03-16 00:16:55] DAEMON: Starting monitor cycle #629
[2026-03-16 00:16:55] DAEMON: Monitor cycle #629 completed successfully
[2026-03-16 00:16:55] DAEMON: Waiting 300 seconds until next cycle
[2026-03-16 00:17:55] DAEMON: Monitor cycle #629 timeout - killing process
[2026-03-16 00:21:56] DAEMON: Starting monitor cycle #630
[2026-03-16 00:21:56] DAEMON: Monitor cycle #630 completed successfully
[2026-03-16 00:21:56] DAEMON: Waiting 300 seconds until next cycle
[2026-03-16 00:22:56] DAEMON: Monitor cycle #630 timeout - killing process
[2026-03-16 00:26:56] DAEMON: Starting monitor cycle #631
[2026-03-16 00:26:56] DAEMON: Monitor cycle #631 completed successfully
[2026-03-16 00:26:56] DAEMON: Waiting 300 seconds until next cycle
[2026-03-16 00:27:56] DAEMON: Monitor cycle #631 timeout - killing process
[2026-03-16 00:31:56] DAEMON: Starting monitor cycle #632
[2026-03-16 00:31:56] DAEMON: Monitor cycle #632 completed successfully
[2026-03-16 00:31:56] DAEMON: Waiting 300 seconds until next cycle
[2026-03-16 00:32:56] DAEMON: Monitor cycle #632 timeout - killing process
[2026-03-16 00:36:56] DAEMON: Starting monitor cycle #633
[2026-03-16 00:36:56] DAEMON: Monitor cycle #633 completed successfully
[2026-03-16 00:36:56] DAEMON: Waiting 300 seconds until next cycle
[2026-03-16 00:37:56] DAEMON: Monitor cycle #633 timeout - killing process
[2026-03-16 00:41:56] DAEMON: Starting monitor cycle #634
[2026-03-16 00:41:56] DAEMON: Monitor cycle #634 completed successfully
[2026-03-16 00:41:56] DAEMON: Waiting 300 seconds until next cycle
[2026-03-16 00:42:56] DAEMON: Monitor cycle #634 timeout - killing process
[2026-03-16 00:46:56] DAEMON: Starting monitor cycle #635
[2026-03-16 00:46:56] DAEMON: Monitor cycle #635 completed successfully
[2026-03-16 00:46:56] DAEMON: Waiting 300 seconds until next cycle
[2026-03-16 00:47:56] DAEMON: Monitor cycle #635 timeout - killing process
[2026-03-16 00:51:56] DAEMON: Starting monitor cycle #636
[2026-03-16 00:51:56] DAEMON: Monitor cycle #636 completed successfully
[2026-03-16 00:51:56] DAEMON: Waiting 300 seconds until next cycle
[2026-03-16 00:52:56] DAEMON: Monitor cycle #636 timeout - killing process
[2026-03-16 00:56:56] DAEMON: Starting monitor cycle #637
[2026-03-16 00:56:56] DAEMON: Monitor cycle #637 completed successfully
[2026-03-16 00:56:56] DAEMON: Waiting 300 seconds until next cycle
[2026-03-16 00:57:56] DAEMON: Monitor cycle #637 timeout - killing process
[2026-03-16 01:01:57] DAEMON: Starting monitor cycle #638
[2026-03-16 01:01:57] DAEMON: Monitor cycle #638 completed successfully
[2026-03-16 01:01:57] DAEMON: Waiting 300 seconds until next cycle
[2026-03-16 01:02:57] DAEMON: Monitor cycle #638 timeout - killing process
[2026-03-16 01:06:57] DAEMON: Starting monitor cycle #639
[2026-03-16 01:06:57] DAEMON: Monitor cycle #639 completed successfully
[2026-03-16 01:06:57] DAEMON: Waiting 300 seconds until next cycle
[2026-03-16 01:07:57] DAEMON: Monitor cycle #639 timeout - killing process
[2026-03-16 01:11:57] DAEMON: Starting monitor cycle #640
[2026-03-16 01:11:57] DAEMON: Monitor cycle #640 completed successfully
[2026-03-16 01:11:57] DAEMON: Waiting 300 seconds until next cycle
[2026-03-16 01:12:57] DAEMON: Monitor cycle #640 timeout - killing process
[2026-03-16 01:16:57] DAEMON: Starting monitor cycle #641
[2026-03-16 01:16:57] DAEMON: Monitor cycle #641 completed successfully
[2026-03-16 01:16:57] DAEMON: Waiting 300 seconds until next cycle
[2026-03-16 01:17:57] DAEMON: Monitor cycle #641 timeout - killing process
[2026-03-16 01:21:57] DAEMON: Starting monitor cycle #642
[2026-03-16 01:21:57] DAEMON: Monitor cycle #642 completed successfully
[2026-03-16 01:21:57] DAEMON: Waiting 300 seconds until next cycle
[2026-03-16 01:22:57] DAEMON: Monitor cycle #642 timeout - killing process
[2026-03-16 01:26:57] DAEMON: Starting monitor cycle #643
[2026-03-16 01:26:57] DAEMON: Monitor cycle #643 completed successfully
[2026-03-16 01:26:57] DAEMON: Waiting 300 seconds until next cycle
[2026-03-16 01:27:57] DAEMON: Monitor cycle #643 timeout - killing process
[2026-03-16 01:31:57] DAEMON: Starting monitor cycle #644
[2026-03-16 01:31:57] DAEMON: Monitor cycle #644 completed successfully
[2026-03-16 01:31:57] DAEMON: Waiting 300 seconds until next cycle
[2026-03-16 01:32:57] DAEMON: Monitor cycle #644 timeout - killing process
[2026-03-16 01:36:57] DAEMON: Starting monitor cycle #645
[2026-03-16 01:36:57] DAEMON: Monitor cycle #645 completed successfully
[2026-03-16 01:36:57] DAEMON: Waiting 300 seconds until next cycle
[2026-03-16 01:37:57] DAEMON: Monitor cycle #645 timeout - killing process
[2026-03-16 01:41:57] DAEMON: Starting monitor cycle #646
[2026-03-16 01:41:57] DAEMON: Monitor cycle #646 completed successfully
[2026-03-16 01:41:57] DAEMON: Waiting 300 seconds until next cycle
[2026-03-16 01:42:58] DAEMON: Monitor cycle #646 timeout - killing process
[2026-03-16 01:46:58] DAEMON: Starting monitor cycle #647
[2026-03-16 01:46:58] DAEMON: Monitor cycle #647 completed successfully
[2026-03-16 01:46:58] DAEMON: Waiting 300 seconds until next cycle
[2026-03-16 01:47:58] DAEMON: Monitor cycle #647 timeout - killing process
[2026-03-16 01:51:58] DAEMON: Starting monitor cycle #648
[2026-03-16 01:51:58] DAEMON: Monitor cycle #648 completed successfully
[2026-03-16 01:51:58] DAEMON: Waiting 300 seconds until next cycle
[2026-03-16 01:52:58] DAEMON: Monitor cycle #648 timeout - killing process
[2026-03-16 01:56:58] DAEMON: Starting monitor cycle #649
[2026-03-16 01:56:58] DAEMON: Monitor cycle #649 completed successfully
[2026-03-16 01:56:58] DAEMON: Waiting 300 seconds until next cycle
[2026-03-16 01:57:58] DAEMON: Monitor cycle #649 timeout - killing process
[2026-03-16 02:01:58] DAEMON: Starting monitor cycle #650
[2026-03-16 02:01:58] DAEMON: Monitor cycle #650 completed successfully
[2026-03-16 02:01:58] DAEMON: Waiting 300 seconds until next cycle
[2026-03-16 02:02:58] DAEMON: Monitor cycle #650 timeout - killing process
[2026-03-16 02:06:58] DAEMON: Starting monitor cycle #651
[2026-03-16 02:06:58] DAEMON: Monitor cycle #651 completed successfully
[2026-03-16 02:06:58] DAEMON: Waiting 300 seconds until next cycle
[2026-03-16 02:07:58] DAEMON: Monitor cycle #651 timeout - killing process
[2026-03-16 02:11:58] DAEMON: Starting monitor cycle #652
[2026-03-16 02:11:58] DAEMON: Monitor cycle #652 completed successfully
[2026-03-16 02:11:58] DAEMON: Waiting 300 seconds until next cycle
[2026-03-16 02:12:58] DAEMON: Monitor cycle #652 timeout - killing process
[2026-03-16 02:16:58] DAEMON: Starting monitor cycle #653
[2026-03-16 02:16:58] DAEMON: Monitor cycle #653 completed successfully
[2026-03-16 02:16:58] DAEMON: Waiting 300 seconds until next cycle
[2026-03-16 02:17:58] DAEMON: Monitor cycle #653 timeout - killing process
[2026-03-16 02:21:58] DAEMON: Starting monitor cycle #654
[2026-03-16 02:21:58] DAEMON: Monitor cycle #654 completed successfully
[2026-03-16 02:21:58] DAEMON: Waiting 300 seconds until next cycle
[2026-03-16 02:22:58] DAEMON: Monitor cycle #654 timeout - killing process
[2026-03-16 02:26:58] DAEMON: Starting monitor cycle #655
[2026-03-16 02:26:58] DAEMON: Monitor cycle #655 completed successfully
[2026-03-16 02:26:58] DAEMON: Waiting 300 seconds until next cycle
[2026-03-16 02:27:59] DAEMON: Monitor cycle #655 timeout - killing process
[2026-03-16 02:31:59] DAEMON: Starting monitor cycle #656
[2026-03-16 02:31:59] DAEMON: Monitor cycle #656 completed successfully
[2026-03-16 02:31:59] DAEMON: Waiting 300 seconds until next cycle
[2026-03-16 02:32:59] DAEMON: Monitor cycle #656 timeout - killing process
[2026-03-16 02:36:59] DAEMON: Starting monitor cycle #657
[2026-03-16 02:36:59] DAEMON: Monitor cycle #657 completed successfully
[2026-03-16 02:36:59] DAEMON: Waiting 300 seconds until next cycle
[2026-03-16 02:37:59] DAEMON: Monitor cycle #657 timeout - killing process
[2026-03-16 02:41:59] DAEMON: Starting monitor cycle #658
[2026-03-16 02:41:59] DAEMON: Monitor cycle #658 completed successfully
[2026-03-16 02:41:59] DAEMON: Waiting 300 seconds until next cycle
[2026-03-16 02:42:59] DAEMON: Monitor cycle #658 timeout - killing process
[2026-03-16 02:46:59] DAEMON: Starting monitor cycle #659
[2026-03-16 02:46:59] DAEMON: Monitor cycle #659 completed successfully
[2026-03-16 02:46:59] DAEMON: Waiting 300 seconds until next cycle
[2026-03-16 02:47:59] DAEMON: Monitor cycle #659 timeout - killing process
[2026-03-16 02:51:59] DAEMON: Starting monitor cycle #660
[2026-03-16 02:51:59] DAEMON: Monitor cycle #660 completed successfully
[2026-03-16 02:51:59] DAEMON: Waiting 300 seconds until next cycle
[2026-03-16 02:52:59] DAEMON: Monitor cycle #660 timeout - killing process
[2026-03-16 02:56:59] DAEMON: Starting monitor cycle #661
[2026-03-16 02:56:59] DAEMON: Monitor cycle #661 completed successfully
[2026-03-16 02:56:59] DAEMON: Waiting 300 seconds until next cycle
[2026-03-16 02:57:59] DAEMON: Monitor cycle #661 timeout - killing process
[2026-03-16 03:01:59] DAEMON: Starting monitor cycle #662
[2026-03-16 03:01:59] DAEMON: Monitor cycle #662 completed successfully
[2026-03-16 03:01:59] DAEMON: Waiting 300 seconds until next cycle
[2026-03-16 03:02:59] DAEMON: Monitor cycle #662 timeout - killing process
[2026-03-16 03:06:59] DAEMON: Starting monitor cycle #663
[2026-03-16 03:06:59] DAEMON: Monitor cycle #663 completed successfully
[2026-03-16 03:06:59] DAEMON: Waiting 300 seconds until next cycle
[2026-03-16 03:07:59] DAEMON: Monitor cycle #663 timeout - killing process
[2026-03-16 03:11:59] DAEMON: Starting monitor cycle #664
[2026-03-16 03:12:00] DAEMON: Monitor cycle #664 completed successfully
[2026-03-16 03:12:00] DAEMON: Waiting 300 seconds until next cycle
[2026-03-16 03:13:00] DAEMON: Monitor cycle #664 timeout - killing process
[2026-03-16 03:17:00] DAEMON: Starting monitor cycle #665
[2026-03-16 03:17:00] DAEMON: Monitor cycle #665 completed successfully
[2026-03-16 03:17:00] DAEMON: Waiting 300 seconds until next cycle
[2026-03-16 03:18:00] DAEMON: Monitor cycle #665 timeout - killing process
[2026-03-16 03:22:00] DAEMON: Starting monitor cycle #666
[2026-03-16 03:22:00] DAEMON: Monitor cycle #666 completed successfully
[2026-03-16 03:22:00] DAEMON: Waiting 300 seconds until next cycle
[2026-03-16 03:23:00] DAEMON: Monitor cycle #666 timeout - killing process
[2026-03-16 03:27:00] DAEMON: Starting monitor cycle #667
[2026-03-16 03:27:00] DAEMON: Monitor cycle #667 completed successfully
[2026-03-16 03:27:00] DAEMON: Waiting 300 seconds until next cycle
[2026-03-16 03:28:00] DAEMON: Monitor cycle #667 timeout - killing process
[2026-03-16 03:32:00] DAEMON: Starting monitor cycle #668
[2026-03-16 03:32:00] DAEMON: Monitor cycle #668 completed successfully
[2026-03-16 03:32:00] DAEMON: Waiting 300 seconds until next cycle
[2026-03-16 03:33:00] DAEMON: Monitor cycle #668 timeout - killing process
[2026-03-16 03:37:00] DAEMON: Starting monitor cycle #669
[2026-03-16 03:37:00] DAEMON: Monitor cycle #669 completed successfully
[2026-03-16 03:37:00] DAEMON: Waiting 300 seconds until next cycle
[2026-03-16 03:38:00] DAEMON: Monitor cycle #669 timeout - killing process
[2026-03-16 03:42:00] DAEMON: Starting monitor cycle #670
[2026-03-16 03:42:00] DAEMON: Monitor cycle #670 completed successfully
[2026-03-16 03:42:00] DAEMON: Waiting 300 seconds until next cycle
[2026-03-16 03:43:00] DAEMON: Monitor cycle #670 timeout - killing process
[2026-03-16 03:47:00] DAEMON: Starting monitor cycle #671
[2026-03-16 03:47:00] DAEMON: Monitor cycle #671 completed successfully
[2026-03-16 03:47:00] DAEMON: Waiting 300 seconds until next cycle
[2026-03-16 03:48:00] DAEMON: Monitor cycle #671 timeout - killing process
[2026-03-16 03:52:00] DAEMON: Starting monitor cycle #672
[2026-03-16 03:52:00] DAEMON: Monitor cycle #672 completed successfully
[2026-03-16 03:52:00] DAEMON: Waiting 300 seconds until next cycle
[2026-03-16 03:53:00] DAEMON: Monitor cycle #672 timeout - killing process
[2026-03-16 03:57:00] DAEMON: Starting monitor cycle #673
[2026-03-16 03:57:00] DAEMON: Monitor cycle #673 completed successfully
[2026-03-16 03:57:00] DAEMON: Waiting 300 seconds until next cycle
[2026-03-16 03:58:00] DAEMON: Monitor cycle #673 timeout - killing process
[2026-03-16 04:02:01] DAEMON: Starting monitor cycle #674
[2026-03-16 04:02:01] DAEMON: Monitor cycle #674 completed successfully
[2026-03-16 04:02:01] DAEMON: Waiting 300 seconds until next cycle
[2026-03-16 04:03:01] DAEMON: Monitor cycle #674 timeout - killing process
[2026-03-16 04:07:01] DAEMON: Starting monitor cycle #675
[2026-03-16 04:07:01] DAEMON: Monitor cycle #675 completed successfully
[2026-03-16 04:07:01] DAEMON: Waiting 300 seconds until next cycle
[2026-03-16 04:08:01] DAEMON: Monitor cycle #675 timeout - killing process
[2026-03-16 04:12:01] DAEMON: Starting monitor cycle #676
[2026-03-16 04:12:01] DAEMON: Monitor cycle #676 completed successfully
[2026-03-16 04:12:01] DAEMON: Waiting 300 seconds until next cycle
[2026-03-16 04:13:01] DAEMON: Monitor cycle #676 timeout - killing process
[2026-03-16 04:17:01] DAEMON: Starting monitor cycle #677
[2026-03-16 04:17:01] DAEMON: Monitor cycle #677 completed successfully
[2026-03-16 04:17:01] DAEMON: Waiting 300 seconds until next cycle
[2026-03-16 04:18:01] DAEMON: Monitor cycle #677 timeout - killing process
[2026-03-16 04:22:01] DAEMON: Starting monitor cycle #678
[2026-03-16 04:22:01] DAEMON: Monitor cycle #678 completed successfully
[2026-03-16 04:22:01] DAEMON: Waiting 300 seconds until next cycle
[2026-03-16 04:23:01] DAEMON: Monitor cycle #678 timeout - killing process
[2026-03-16 04:27:01] DAEMON: Starting monitor cycle #679
[2026-03-16 04:27:01] DAEMON: Monitor cycle #679 completed successfully
[2026-03-16 04:27:01] DAEMON: Waiting 300 seconds until next cycle
[2026-03-16 04:28:01] DAEMON: Monitor cycle #679 timeout - killing process
[2026-03-16 04:32:01] DAEMON: Starting monitor cycle #680
[2026-03-16 04:32:01] DAEMON: Monitor cycle #680 completed successfully
[2026-03-16 04:32:01] DAEMON: Waiting 300 seconds until next cycle
[2026-03-16 04:33:01] DAEMON: Monitor cycle #680 timeout - killing process
[2026-03-16 04:37:01] DAEMON: Starting monitor cycle #681
[2026-03-16 04:37:01] DAEMON: Monitor cycle #681 completed successfully
[2026-03-16 04:37:01] DAEMON: Waiting 300 seconds until next cycle
[2026-03-16 04:38:01] DAEMON: Monitor cycle #681 timeout - killing process
[2026-03-16 04:42:01] DAEMON: Starting monitor cycle #682
[2026-03-16 04:42:01] DAEMON: Monitor cycle #682 completed successfully
[2026-03-16 04:42:01] DAEMON: Waiting 300 seconds until next cycle
[2026-03-16 04:43:01] DAEMON: Monitor cycle #682 timeout - killing process
[2026-03-16 04:47:02] DAEMON: Starting monitor cycle #683
[2026-03-16 04:47:02] DAEMON: Monitor cycle #683 completed successfully
[2026-03-16 04:47:02] DAEMON: Waiting 300 seconds until next cycle
[2026-03-16 04:48:02] DAEMON: Monitor cycle #683 timeout - killing process
[2026-03-16 04:52:02] DAEMON: Starting monitor cycle #684
[2026-03-16 04:52:02] DAEMON: Monitor cycle #684 completed successfully
[2026-03-16 04:52:02] DAEMON: Waiting 300 seconds until next cycle
[2026-03-16 04:53:02] DAEMON: Monitor cycle #684 timeout - killing process
[2026-03-16 04:57:02] DAEMON: Starting monitor cycle #685
[2026-03-16 04:57:02] DAEMON: Monitor cycle #685 completed successfully
[2026-03-16 04:57:02] DAEMON: Waiting 300 seconds until next cycle
[2026-03-16 04:58:02] DAEMON: Monitor cycle #685 timeout - killing process
[2026-03-16 05:02:02] DAEMON: Starting monitor cycle #686
[2026-03-16 05:02:02] DAEMON: Monitor cycle #686 completed successfully
[2026-03-16 05:02:02] DAEMON: Waiting 300 seconds until next cycle
[2026-03-16 05:03:02] DAEMON: Monitor cycle #686 timeout - killing process
[2026-03-16 05:07:02] DAEMON: Starting monitor cycle #687
[2026-03-16 05:07:02] DAEMON: Monitor cycle #687 completed successfully
[2026-03-16 05:07:02] DAEMON: Waiting 300 seconds until next cycle
[2026-03-16 05:08:02] DAEMON: Monitor cycle #687 timeout - killing process
[2026-03-16 05:12:02] DAEMON: Starting monitor cycle #688
[2026-03-16 05:12:02] DAEMON: Monitor cycle #688 completed successfully
[2026-03-16 05:12:02] DAEMON: Waiting 300 seconds until next cycle
[2026-03-16 05:13:02] DAEMON: Monitor cycle #688 timeout - killing process
[2026-03-16 05:17:02] DAEMON: Starting monitor cycle #689
[2026-03-16 05:17:02] DAEMON: Monitor cycle #689 completed successfully
[2026-03-16 05:17:02] DAEMON: Waiting 300 seconds until next cycle
[2026-03-16 05:18:02] DAEMON: Monitor cycle #689 timeout - killing process
[2026-03-16 05:22:02] DAEMON: Starting monitor cycle #690
[2026-03-16 05:22:02] DAEMON: Monitor cycle #690 completed successfully
[2026-03-16 05:22:02] DAEMON: Waiting 300 seconds until next cycle
[2026-03-16 05:23:02] DAEMON: Monitor cycle #690 timeout - killing process
[2026-03-16 05:27:02] DAEMON: Starting monitor cycle #691
[2026-03-16 05:27:02] DAEMON: Monitor cycle #691 completed successfully
[2026-03-16 05:27:02] DAEMON: Waiting 300 seconds until next cycle
[2026-03-16 05:28:02] DAEMON: Monitor cycle #691 timeout - killing process
[2026-03-16 05:32:02] DAEMON: Starting monitor cycle #692
[2026-03-16 05:32:03] DAEMON: Monitor cycle #692 completed successfully
[2026-03-16 05:32:03] DAEMON: Waiting 300 seconds until next cycle
[2026-03-16 05:33:03] DAEMON: Monitor cycle #692 timeout - killing process
[2026-03-16 05:37:03] DAEMON: Starting monitor cycle #693
[2026-03-16 05:37:03] DAEMON: Monitor cycle #693 completed successfully
[2026-03-16 05:37:03] DAEMON: Waiting 300 seconds until next cycle
[2026-03-16 05:38:03] DAEMON: Monitor cycle #693 timeout - killing process
[2026-03-16 05:42:03] DAEMON: Starting monitor cycle #694
[2026-03-16 05:42:03] DAEMON: Monitor cycle #694 completed successfully
[2026-03-16 05:42:03] DAEMON: Waiting 300 seconds until next cycle
[2026-03-16 05:43:03] DAEMON: Monitor cycle #694 timeout - killing process
[2026-03-16 05:47:03] DAEMON: Starting monitor cycle #695
[2026-03-16 05:47:03] DAEMON: Monitor cycle #695 completed successfully
[2026-03-16 05:47:03] DAEMON: Waiting 300 seconds until next cycle
[2026-03-16 05:48:03] DAEMON: Monitor cycle #695 timeout - killing process
[2026-03-16 05:52:03] DAEMON: Starting monitor cycle #696
[2026-03-16 05:52:03] DAEMON: Monitor cycle #696 completed successfully
[2026-03-16 05:52:03] DAEMON: Waiting 300 seconds until next cycle
[2026-03-16 05:53:03] DAEMON: Monitor cycle #696 timeout - killing process
[2026-03-16 05:57:03] DAEMON: Starting monitor cycle #697
[2026-03-16 05:57:03] DAEMON: Monitor cycle #697 completed successfully
[2026-03-16 05:57:03] DAEMON: Waiting 300 seconds until next cycle
[2026-03-16 05:58:03] DAEMON: Monitor cycle #697 timeout - killing process
[2026-03-16 06:02:03] DAEMON: Starting monitor cycle #698
[2026-03-16 06:02:03] DAEMON: Monitor cycle #698 completed successfully
[2026-03-16 06:02:03] DAEMON: Waiting 300 seconds until next cycle
[2026-03-16 06:03:03] DAEMON: Monitor cycle #698 timeout - killing process
[2026-03-16 06:07:03] DAEMON: Starting monitor cycle #699
[2026-03-16 06:07:03] DAEMON: Monitor cycle #699 completed successfully
[2026-03-16 06:07:03] DAEMON: Waiting 300 seconds until next cycle
[2026-03-16 06:08:03] DAEMON: Monitor cycle #699 timeout - killing process
[2026-03-16 06:12:03] DAEMON: Starting monitor cycle #700
[2026-03-16 06:12:03] DAEMON: Monitor cycle #700 completed successfully
[2026-03-16 06:12:03] DAEMON: Waiting 300 seconds until next cycle
[2026-03-16 06:13:03] DAEMON: Monitor cycle #700 timeout - killing process
[2026-03-16 06:17:04] DAEMON: Starting monitor cycle #701
[2026-03-16 06:17:04] DAEMON: Monitor cycle #701 completed successfully
[2026-03-16 06:17:04] DAEMON: Waiting 300 seconds until next cycle
[2026-03-16 06:18:04] DAEMON: Monitor cycle #701 timeout - killing process
[2026-03-16 06:22:04] DAEMON: Starting monitor cycle #702
[2026-03-16 06:22:04] DAEMON: Monitor cycle #702 completed successfully
[2026-03-16 06:22:04] DAEMON: Waiting 300 seconds until next cycle
[2026-03-16 06:23:04] DAEMON: Monitor cycle #702 timeout - killing process
[2026-03-16 06:27:04] DAEMON: Starting monitor cycle #703
[2026-03-16 06:27:04] DAEMON: Monitor cycle #703 completed successfully
[2026-03-16 06:27:04] DAEMON: Waiting 300 seconds until next cycle
[2026-03-16 06:28:04] DAEMON: Monitor cycle #703 timeout - killing process
[2026-03-16 06:32:04] DAEMON: Starting monitor cycle #704
[2026-03-16 06:32:04] DAEMON: Monitor cycle #704 completed successfully
[2026-03-16 06:32:04] DAEMON: Waiting 300 seconds until next cycle
[2026-03-16 06:33:04] DAEMON: Monitor cycle #704 timeout - killing process
[2026-03-16 06:37:04] DAEMON: Starting monitor cycle #705
[2026-03-16 06:37:04] DAEMON: Monitor cycle #705 completed successfully
[2026-03-16 06:37:04] DAEMON: Waiting 300 seconds until next cycle
[2026-03-16 06:38:04] DAEMON: Monitor cycle #705 timeout - killing process
[2026-03-16 06:42:04] DAEMON: Starting monitor cycle #706
[2026-03-16 06:42:04] DAEMON: Monitor cycle #706 completed successfully
[2026-03-16 06:42:04] DAEMON: Waiting 300 seconds until next cycle
[2026-03-16 06:43:04] DAEMON: Monitor cycle #706 timeout - killing process
[2026-03-16 06:47:04] DAEMON: Starting monitor cycle #707
[2026-03-16 06:47:04] DAEMON: Monitor cycle #707 completed successfully
[2026-03-16 06:47:04] DAEMON: Waiting 300 seconds until next cycle
[2026-03-16 06:48:04] DAEMON: Monitor cycle #707 timeout - killing process
[2026-03-16 06:52:04] DAEMON: Starting monitor cycle #708
[2026-03-16 06:52:04] DAEMON: Monitor cycle #708 completed successfully
[2026-03-16 06:52:04] DAEMON: Waiting 300 seconds until next cycle
[2026-03-16 06:53:04] DAEMON: Monitor cycle #708 timeout - killing process
[2026-03-16 06:57:04] DAEMON: Starting monitor cycle #709
[2026-03-16 06:57:04] DAEMON: Monitor cycle #709 completed successfully
[2026-03-16 06:57:04] DAEMON: Waiting 300 seconds until next cycle
[2026-03-16 06:58:04] DAEMON: Monitor cycle #709 timeout - killing process
[2026-03-16 07:02:04] DAEMON: Starting monitor cycle #710
[2026-03-16 07:02:04] DAEMON: Monitor cycle #710 completed successfully
[2026-03-16 07:02:04] DAEMON: Waiting 300 seconds until next cycle
[2026-03-16 07:03:04] DAEMON: Monitor cycle #710 timeout - killing process
[2026-03-16 07:07:04] DAEMON: Starting monitor cycle #711
[2026-03-16 07:07:05] DAEMON: Monitor cycle #711 completed successfully
[2026-03-16 07:07:05] DAEMON: Waiting 300 seconds until next cycle
[2026-03-16 07:08:05] DAEMON: Monitor cycle #711 timeout - killing process
[2026-03-16 07:12:05] DAEMON: Starting monitor cycle #712
[2026-03-16 07:12:05] DAEMON: Monitor cycle #712 completed successfully
[2026-03-16 07:12:05] DAEMON: Waiting 300 seconds until next cycle
[2026-03-16 07:13:05] DAEMON: Monitor cycle #712 timeout - killing process
[2026-03-16 07:17:05] DAEMON: Starting monitor cycle #713
[2026-03-16 07:17:05] DAEMON: Monitor cycle #713 completed successfully
[2026-03-16 07:17:05] DAEMON: Waiting 300 seconds until next cycle
[2026-03-16 07:18:05] DAEMON: Monitor cycle #713 timeout - killing process
[2026-03-16 07:22:05] DAEMON: Starting monitor cycle #714
[2026-03-16 07:22:05] DAEMON: Monitor cycle #714 completed successfully
[2026-03-16 07:22:05] DAEMON: Waiting 300 seconds until next cycle
[2026-03-16 07:23:05] DAEMON: Monitor cycle #714 timeout - killing process
[2026-03-16 07:27:05] DAEMON: Starting monitor cycle #715
[2026-03-16 07:27:05] DAEMON: Monitor cycle #715 completed successfully
[2026-03-16 07:27:05] DAEMON: Waiting 300 seconds until next cycle
[2026-03-16 07:28:05] DAEMON: Monitor cycle #715 timeout - killing process
[2026-03-16 07:32:05] DAEMON: Starting monitor cycle #716
[2026-03-16 07:32:05] DAEMON: Monitor cycle #716 completed successfully
[2026-03-16 07:32:05] DAEMON: Waiting 300 seconds until next cycle
[2026-03-16 07:33:05] DAEMON: Monitor cycle #716 timeout - killing process
[2026-03-16 07:37:05] DAEMON: Starting monitor cycle #717
[2026-03-16 07:37:05] DAEMON: Monitor cycle #717 completed successfully
[2026-03-16 07:37:05] DAEMON: Waiting 300 seconds until next cycle
[2026-03-16 07:38:05] DAEMON: Monitor cycle #717 timeout - killing process
[2026-03-16 07:42:05] DAEMON: Starting monitor cycle #718
[2026-03-16 07:42:05] DAEMON: Monitor cycle #718 completed successfully
[2026-03-16 07:42:05] DAEMON: Waiting 300 seconds until next cycle
[2026-03-16 07:43:05] DAEMON: Monitor cycle #718 timeout - killing process
[2026-03-16 07:47:05] DAEMON: Starting monitor cycle #719
[2026-03-16 07:47:05] DAEMON: Monitor cycle #719 completed successfully
[2026-03-16 07:47:05] DAEMON: Waiting 300 seconds until next cycle
[2026-03-16 07:48:05] DAEMON: Monitor cycle #719 timeout - killing process
[2026-03-16 07:52:05] DAEMON: Starting monitor cycle #720
[2026-03-16 07:52:05] DAEMON: Monitor cycle #720 completed successfully
[2026-03-16 07:52:05] DAEMON: Waiting 300 seconds until next cycle
[2026-03-16 07:53:05] DAEMON: Monitor cycle #720 timeout - killing process
[2026-03-16 07:57:06] DAEMON: Starting monitor cycle #721
[2026-03-16 07:57:06] DAEMON: Monitor cycle #721 completed successfully
[2026-03-16 07:57:06] DAEMON: Waiting 300 seconds until next cycle
[2026-03-16 07:58:06] DAEMON: Monitor cycle #721 timeout - killing process
[2026-03-16 08:02:06] DAEMON: Starting monitor cycle #722
[2026-03-16 08:02:06] DAEMON: Monitor cycle #722 completed successfully
[2026-03-16 08:02:06] DAEMON: Waiting 300 seconds until next cycle
[2026-03-16 08:03:06] DAEMON: Monitor cycle #722 timeout - killing process
[2026-03-16 08:07:06] DAEMON: Starting monitor cycle #723
[2026-03-16 08:07:06] DAEMON: Monitor cycle #723 completed successfully
[2026-03-16 08:07:06] DAEMON: Waiting 300 seconds until next cycle
[2026-03-16 08:08:06] DAEMON: Monitor cycle #723 timeout - killing process
[2026-03-16 08:12:06] DAEMON: Starting monitor cycle #724
[2026-03-16 08:12:06] DAEMON: Monitor cycle #724 completed successfully
[2026-03-16 08:12:06] DAEMON: Waiting 300 seconds until next cycle
[2026-03-16 08:13:06] DAEMON: Monitor cycle #724 timeout - killing process
[2026-03-16 08:17:06] DAEMON: Starting monitor cycle #725
[2026-03-16 08:17:06] DAEMON: Monitor cycle #725 completed successfully
[2026-03-16 08:17:06] DAEMON: Waiting 300 seconds until next cycle
[2026-03-16 08:18:06] DAEMON: Monitor cycle #725 timeout - killing process
[2026-03-16 08:22:06] DAEMON: Starting monitor cycle #726
[2026-03-16 08:22:06] DAEMON: Monitor cycle #726 completed successfully
[2026-03-16 08:22:06] DAEMON: Waiting 300 seconds until next cycle
[2026-03-16 08:23:06] DAEMON: Monitor cycle #726 timeout - killing process
[2026-03-16 08:27:06] DAEMON: Starting monitor cycle #727
[2026-03-16 08:27:06] DAEMON: Monitor cycle #727 completed successfully
[2026-03-16 08:27:06] DAEMON: Waiting 300 seconds until next cycle
[2026-03-16 08:28:06] DAEMON: Monitor cycle #727 timeout - killing process
[2026-03-16 08:32:06] DAEMON: Starting monitor cycle #728
[2026-03-16 08:32:06] DAEMON: Monitor cycle #728 completed successfully
[2026-03-16 08:32:06] DAEMON: Waiting 300 seconds until next cycle
[2026-03-16 08:33:06] DAEMON: Monitor cycle #728 timeout - killing process
[2026-03-16 08:37:06] DAEMON: Starting monitor cycle #729
[2026-03-16 08:37:06] DAEMON: Monitor cycle #729 completed successfully
[2026-03-16 08:37:06] DAEMON: Waiting 300 seconds until next cycle
[2026-03-16 08:38:06] DAEMON: Monitor cycle #729 timeout - killing process
[2026-03-16 08:42:06] DAEMON: Starting monitor cycle #730
[2026-03-16 08:42:06] DAEMON: Monitor cycle #730 completed successfully
[2026-03-16 08:42:06] DAEMON: Waiting 300 seconds until next cycle
[2026-03-16 08:43:06] DAEMON: Monitor cycle #730 timeout - killing process
[2026-03-16 08:47:07] DAEMON: Starting monitor cycle #731
[2026-03-16 08:47:07] DAEMON: Monitor cycle #731 completed successfully
[2026-03-16 08:47:07] DAEMON: Waiting 300 seconds until next cycle
[2026-03-16 08:48:07] DAEMON: Monitor cycle #731 timeout - killing process
[2026-03-16 08:52:07] DAEMON: Starting monitor cycle #732
[2026-03-16 08:52:07] DAEMON: Monitor cycle #732 completed successfully
[2026-03-16 08:52:07] DAEMON: Waiting 300 seconds until next cycle
[2026-03-16 08:53:07] DAEMON: Monitor cycle #732 timeout - killing process
[2026-03-16 08:57:07] DAEMON: Starting monitor cycle #733
[2026-03-16 08:57:07] DAEMON: Monitor cycle #733 completed successfully
[2026-03-16 08:57:07] DAEMON: Waiting 300 seconds until next cycle
[2026-03-16 08:58:07] DAEMON: Monitor cycle #733 timeout - killing process
[2026-03-16 09:02:07] DAEMON: Starting monitor cycle #734
[2026-03-16 09:02:07] DAEMON: Monitor cycle #734 completed successfully
[2026-03-16 09:02:07] DAEMON: Waiting 300 seconds until next cycle
[2026-03-16 09:03:07] DAEMON: Monitor cycle #734 timeout - killing process
[2026-03-16 09:07:07] DAEMON: Starting monitor cycle #735
[2026-03-16 09:07:07] DAEMON: Monitor cycle #735 completed successfully
[2026-03-16 09:07:07] DAEMON: Waiting 300 seconds until next cycle
[2026-03-16 09:08:07] DAEMON: Monitor cycle #735 timeout - killing process
[2026-03-16 09:12:07] DAEMON: Starting monitor cycle #736
[2026-03-16 09:12:07] DAEMON: Monitor cycle #736 completed successfully
[2026-03-16 09:12:07] DAEMON: Waiting 300 seconds until next cycle
[2026-03-16 09:13:07] DAEMON: Monitor cycle #736 timeout - killing process
[2026-03-16 09:17:07] DAEMON: Starting monitor cycle #737
[2026-03-16 09:17:07] DAEMON: Monitor cycle #737 completed successfully
[2026-03-16 09:17:07] DAEMON: Waiting 300 seconds until next cycle
[2026-03-16 09:18:07] DAEMON: Monitor cycle #737 timeout - killing process
[2026-03-16 09:22:07] DAEMON: Starting monitor cycle #738
[2026-03-16 09:22:07] DAEMON: Monitor cycle #738 completed successfully
[2026-03-16 09:22:07] DAEMON: Waiting 300 seconds until next cycle
[2026-03-16 09:23:07] DAEMON: Monitor cycle #738 timeout - killing process
[2026-03-16 09:27:07] DAEMON: Starting monitor cycle #739
[2026-03-16 09:27:07] DAEMON: Monitor cycle #739 completed successfully
[2026-03-16 09:27:07] DAEMON: Waiting 300 seconds until next cycle
[2026-03-16 09:28:07] DAEMON: Monitor cycle #739 timeout - killing process
[2026-03-16 09:32:07] DAEMON: Starting monitor cycle #740
[2026-03-16 09:32:08] DAEMON: Monitor cycle #740 completed successfully
[2026-03-16 09:32:08] DAEMON: Waiting 300 seconds until next cycle
[2026-03-16 09:33:08] DAEMON: Monitor cycle #740 timeout - killing process
[2026-03-16 09:37:08] DAEMON: Starting monitor cycle #741
[2026-03-16 09:37:08] DAEMON: Monitor cycle #741 completed successfully
[2026-03-16 09:37:08] DAEMON: Waiting 300 seconds until next cycle
[2026-03-16 09:38:08] DAEMON: Monitor cycle #741 timeout - killing process
[2026-03-16 09:42:08] DAEMON: Starting monitor cycle #742
[2026-03-16 09:42:08] DAEMON: Monitor cycle #742 completed successfully
[2026-03-16 09:42:08] DAEMON: Waiting 300 seconds until next cycle
[2026-03-16 09:43:08] DAEMON: Monitor cycle #742 timeout - killing process
[2026-03-16 09:47:08] DAEMON: Starting monitor cycle #743
[2026-03-16 09:47:08] DAEMON: Monitor cycle #743 completed successfully
[2026-03-16 09:47:08] DAEMON: Waiting 300 seconds until next cycle
[2026-03-16 09:48:08] DAEMON: Monitor cycle #743 timeout - killing process
[2026-03-16 09:52:08] DAEMON: Starting monitor cycle #744
[2026-03-16 09:52:08] DAEMON: Monitor cycle #744 completed successfully
[2026-03-16 09:52:08] DAEMON: Waiting 300 seconds until next cycle
[2026-03-16 09:53:08] DAEMON: Monitor cycle #744 timeout - killing process
[2026-03-16 09:57:08] DAEMON: Starting monitor cycle #745
[2026-03-16 09:57:08] DAEMON: Monitor cycle #745 completed successfully
[2026-03-16 09:57:08] DAEMON: Waiting 300 seconds until next cycle
[2026-03-16 09:58:08] DAEMON: Monitor cycle #745 timeout - killing process
[2026-03-16 10:02:08] DAEMON: Starting monitor cycle #746
[2026-03-16 10:02:08] DAEMON: Monitor cycle #746 completed successfully
[2026-03-16 10:02:08] DAEMON: Waiting 300 seconds until next cycle
[2026-03-16 10:03:08] DAEMON: Monitor cycle #746 timeout - killing process
[2026-03-16 10:07:08] DAEMON: Starting monitor cycle #747
[2026-03-16 10:07:08] DAEMON: Monitor cycle #747 completed successfully
[2026-03-16 10:07:08] DAEMON: Waiting 300 seconds until next cycle
[2026-03-16 10:08:08] DAEMON: Monitor cycle #747 timeout - killing process
[2026-03-16 10:12:08] DAEMON: Starting monitor cycle #748
[2026-03-16 10:12:08] DAEMON: Monitor cycle #748 completed successfully
[2026-03-16 10:12:08] DAEMON: Waiting 300 seconds until next cycle
[2026-03-16 10:13:08] DAEMON: Monitor cycle #748 timeout - killing process
[2026-03-16 10:17:08] DAEMON: Starting monitor cycle #749
[2026-03-16 10:17:08] DAEMON: Monitor cycle #749 completed successfully
[2026-03-16 10:17:08] DAEMON: Waiting 300 seconds until next cycle
[2026-03-16 10:18:08] DAEMON: Monitor cycle #749 timeout - killing process
[2026-03-16 10:22:08] DAEMON: Starting monitor cycle #750
[2026-03-16 10:22:09] DAEMON: Monitor cycle #750 completed successfully
[2026-03-16 10:22:09] DAEMON: Waiting 300 seconds until next cycle
[2026-03-16 10:23:09] DAEMON: Monitor cycle #750 timeout - killing process
[2026-03-16 10:27:09] DAEMON: Starting monitor cycle #751
[2026-03-16 10:27:09] DAEMON: Monitor cycle #751 completed successfully
[2026-03-16 10:27:09] DAEMON: Waiting 300 seconds until next cycle
[2026-03-16 10:28:09] DAEMON: Monitor cycle #751 timeout - killing process
[2026-03-16 10:32:09] DAEMON: Starting monitor cycle #752
[2026-03-16 10:32:09] DAEMON: Monitor cycle #752 completed successfully
[2026-03-16 10:32:09] DAEMON: Waiting 300 seconds until next cycle
[2026-03-16 10:33:09] DAEMON: Monitor cycle #752 timeout - killing process
[2026-03-16 10:37:09] DAEMON: Starting monitor cycle #753
[2026-03-16 10:37:09] DAEMON: Monitor cycle #753 completed successfully
[2026-03-16 10:37:09] DAEMON: Waiting 300 seconds until next cycle
[2026-03-16 10:38:09] DAEMON: Monitor cycle #753 timeout - killing process
[2026-03-16 10:42:09] DAEMON: Starting monitor cycle #754
[2026-03-16 10:42:09] DAEMON: Monitor cycle #754 completed successfully
[2026-03-16 10:42:09] DAEMON: Waiting 300 seconds until next cycle
[2026-03-16 10:43:09] DAEMON: Monitor cycle #754 timeout - killing process
[2026-03-16 10:47:09] DAEMON: Starting monitor cycle #755
[2026-03-16 10:47:09] DAEMON: Monitor cycle #755 completed successfully
[2026-03-16 10:47:09] DAEMON: Waiting 300 seconds until next cycle
[2026-03-16 10:48:09] DAEMON: Monitor cycle #755 timeout - killing process
[2026-03-16 10:52:09] DAEMON: Starting monitor cycle #756
[2026-03-16 10:52:09] DAEMON: Monitor cycle #756 completed successfully
[2026-03-16 10:52:09] DAEMON: Waiting 300 seconds until next cycle
[2026-03-16 10:53:09] DAEMON: Monitor cycle #756 timeout - killing process
[2026-03-16 10:57:09] DAEMON: Starting monitor cycle #757
[2026-03-16 10:57:09] DAEMON: Monitor cycle #757 completed successfully
[2026-03-16 10:57:09] DAEMON: Waiting 300 seconds until next cycle
[2026-03-16 10:58:09] DAEMON: Monitor cycle #757 timeout - killing process
[2026-03-16 11:02:09] DAEMON: Starting monitor cycle #758
[2026-03-16 11:02:10] DAEMON: Monitor cycle #758 completed successfully
[2026-03-16 11:02:10] DAEMON: Waiting 300 seconds until next cycle
[2026-03-16 11:03:09] DAEMON: Monitor cycle #758 timeout - killing process
[2026-03-16 11:07:10] DAEMON: Starting monitor cycle #759
[2026-03-16 11:07:10] DAEMON: Monitor cycle #759 completed successfully
[2026-03-16 11:07:10] DAEMON: Waiting 300 seconds until next cycle
[2026-03-16 11:08:10] DAEMON: Monitor cycle #759 timeout - killing process
[2026-03-16 11:12:10] DAEMON: Starting monitor cycle #760
[2026-03-16 11:12:10] DAEMON: Monitor cycle #760 completed successfully
[2026-03-16 11:12:10] DAEMON: Waiting 300 seconds until next cycle
[2026-03-16 11:13:10] DAEMON: Monitor cycle #760 timeout - killing process
[2026-03-16 11:17:10] DAEMON: Starting monitor cycle #761
[2026-03-16 11:17:10] DAEMON: Monitor cycle #761 completed successfully
[2026-03-16 11:17:10] DAEMON: Waiting 300 seconds until next cycle
[2026-03-16 11:18:10] DAEMON: Monitor cycle #761 timeout - killing process
[2026-03-16 11:22:10] DAEMON: Starting monitor cycle #762
[2026-03-16 11:22:10] DAEMON: Monitor cycle #762 completed successfully
[2026-03-16 11:22:10] DAEMON: Waiting 300 seconds until next cycle
[2026-03-16 11:23:10] DAEMON: Monitor cycle #762 timeout - killing process
[2026-03-16 11:27:10] DAEMON: Starting monitor cycle #763
[2026-03-16 11:27:10] DAEMON: Monitor cycle #763 completed successfully
[2026-03-16 11:27:10] DAEMON: Waiting 300 seconds until next cycle
[2026-03-16 11:28:10] DAEMON: Monitor cycle #763 timeout - killing process
[2026-03-16 11:32:10] DAEMON: Starting monitor cycle #764
[2026-03-16 11:32:10] DAEMON: Monitor cycle #764 completed successfully
[2026-03-16 11:32:10] DAEMON: Waiting 300 seconds until next cycle
[2026-03-16 11:33:10] DAEMON: Monitor cycle #764 timeout - killing process
[2026-03-16 11:37:10] DAEMON: Starting monitor cycle #765
[2026-03-16 11:37:10] DAEMON: Monitor cycle #765 completed successfully
[2026-03-16 11:37:10] DAEMON: Waiting 300 seconds until next cycle
[2026-03-16 11:38:10] DAEMON: Monitor cycle #765 timeout - killing process
[2026-03-16 11:42:10] DAEMON: Starting monitor cycle #766
[2026-03-16 11:42:10] DAEMON: Monitor cycle #766 completed successfully
[2026-03-16 11:42:10] DAEMON: Waiting 300 seconds until next cycle
[2026-03-16 11:43:10] DAEMON: Monitor cycle #766 timeout - killing process
[2026-03-16 11:47:10] DAEMON: Starting monitor cycle #767
[2026-03-16 11:47:10] DAEMON: Monitor cycle #767 completed successfully
[2026-03-16 11:47:10] DAEMON: Waiting 300 seconds until next cycle
[2026-03-16 11:48:10] DAEMON: Monitor cycle #767 timeout - killing process
[2026-03-16 11:52:11] DAEMON: Starting monitor cycle #768
[2026-03-16 11:52:11] DAEMON: Monitor cycle #768 completed successfully
[2026-03-16 11:52:11] DAEMON: Waiting 300 seconds until next cycle
[2026-03-16 11:53:11] DAEMON: Monitor cycle #768 timeout - killing process
[2026-03-16 11:57:11] DAEMON: Starting monitor cycle #769
[2026-03-16 11:57:11] DAEMON: Monitor cycle #769 completed successfully
[2026-03-16 11:57:11] DAEMON: Waiting 300 seconds until next cycle
[2026-03-16 11:58:11] DAEMON: Monitor cycle #769 timeout - killing process
[2026-03-16 12:02:11] DAEMON: Starting monitor cycle #770
[2026-03-16 12:02:11] DAEMON: Monitor cycle #770 completed successfully
[2026-03-16 12:02:11] DAEMON: Waiting 300 seconds until next cycle
[2026-03-16 12:03:11] DAEMON: Monitor cycle #770 timeout - killing process
[2026-03-16 12:07:11] DAEMON: Starting monitor cycle #771
[2026-03-16 12:07:11] DAEMON: Monitor cycle #771 completed successfully
[2026-03-16 12:07:11] DAEMON: Waiting 300 seconds until next cycle
[2026-03-16 12:08:11] DAEMON: Monitor cycle #771 timeout - killing process
[2026-03-16 12:12:11] DAEMON: Starting monitor cycle #772
[2026-03-16 12:12:11] DAEMON: Monitor cycle #772 completed successfully
[2026-03-16 12:12:11] DAEMON: Waiting 300 seconds until next cycle
[2026-03-16 12:13:11] DAEMON: Monitor cycle #772 timeout - killing process
[2026-03-16 12:17:11] DAEMON: Starting monitor cycle #773
[2026-03-16 12:17:11] DAEMON: Monitor cycle #773 completed successfully
[2026-03-16 12:17:11] DAEMON: Waiting 300 seconds until next cycle
[2026-03-16 12:18:11] DAEMON: Monitor cycle #773 timeout - killing process
[2026-03-16 12:22:11] DAEMON: Starting monitor cycle #774
[2026-03-16 12:22:11] DAEMON: Monitor cycle #774 completed successfully
[2026-03-16 12:22:11] DAEMON: Waiting 300 seconds until next cycle
[2026-03-16 12:23:11] DAEMON: Monitor cycle #774 timeout - killing process
[2026-03-16 12:27:11] DAEMON: Starting monitor cycle #775
[2026-03-16 12:27:11] DAEMON: Monitor cycle #775 completed successfully
[2026-03-16 12:27:11] DAEMON: Waiting 300 seconds until next cycle
[2026-03-16 12:28:11] DAEMON: Monitor cycle #775 timeout - killing process
[2026-03-16 12:32:11] DAEMON: Starting monitor cycle #776
[2026-03-16 12:32:11] DAEMON: Monitor cycle #776 completed successfully
[2026-03-16 12:32:11] DAEMON: Waiting 300 seconds until next cycle
[2026-03-16 12:33:11] DAEMON: Monitor cycle #776 timeout - killing process
[2026-03-16 12:37:12] DAEMON: Starting monitor cycle #777
[2026-03-16 12:37:12] DAEMON: Monitor cycle #777 completed successfully
[2026-03-16 12:37:12] DAEMON: Waiting 300 seconds until next cycle
[2026-03-16 12:38:12] DAEMON: Monitor cycle #777 timeout - killing process
[2026-03-16 12:42:12] DAEMON: Starting monitor cycle #778
[2026-03-16 12:42:12] DAEMON: Monitor cycle #778 completed successfully
[2026-03-16 12:42:12] DAEMON: Waiting 300 seconds until next cycle
[2026-03-16 12:43:12] DAEMON: Monitor cycle #778 timeout - killing process
[2026-03-16 12:47:12] DAEMON: Starting monitor cycle #779
[2026-03-16 12:47:12] DAEMON: Monitor cycle #779 completed successfully
[2026-03-16 12:47:12] DAEMON: Waiting 300 seconds until next cycle
[2026-03-16 12:48:12] DAEMON: Monitor cycle #779 timeout - killing process
[2026-03-16 12:52:12] DAEMON: Starting monitor cycle #780
[2026-03-16 12:52:12] DAEMON: Monitor cycle #780 completed successfully
[2026-03-16 12:52:12] DAEMON: Waiting 300 seconds until next cycle
[2026-03-16 12:53:12] DAEMON: Monitor cycle #780 timeout - killing process
[2026-03-16 12:57:12] DAEMON: Starting monitor cycle #781
[2026-03-16 12:57:12] DAEMON: Monitor cycle #781 completed successfully
[2026-03-16 12:57:12] DAEMON: Waiting 300 seconds until next cycle
[2026-03-16 12:58:12] DAEMON: Monitor cycle #781 timeout - killing process
[2026-03-16 13:02:12] DAEMON: Starting monitor cycle #782
[2026-03-16 13:02:12] DAEMON: Monitor cycle #782 completed successfully
[2026-03-16 13:02:12] DAEMON: Waiting 300 seconds until next cycle
[2026-03-16 13:03:12] DAEMON: Monitor cycle #782 timeout - killing process
[2026-03-16 13:07:12] DAEMON: Starting monitor cycle #783
[2026-03-16 13:07:12] DAEMON: Monitor cycle #783 completed successfully
[2026-03-16 13:07:12] DAEMON: Waiting 300 seconds until next cycle
[2026-03-16 13:08:12] DAEMON: Monitor cycle #783 timeout - killing process
[2026-03-16 13:12:12] DAEMON: Starting monitor cycle #784
[2026-03-16 13:12:12] DAEMON: Monitor cycle #784 completed successfully
[2026-03-16 13:12:12] DAEMON: Waiting 300 seconds until next cycle
[2026-03-16 13:13:12] DAEMON: Monitor cycle #784 timeout - killing process
[2026-03-16 13:17:12] DAEMON: Starting monitor cycle #785
[2026-03-16 13:17:13] DAEMON: Monitor cycle #785 completed successfully
[2026-03-16 13:17:13] DAEMON: Waiting 300 seconds until next cycle
[2026-03-16 13:18:12] DAEMON: Monitor cycle #785 timeout - killing process
[2026-03-16 13:22:13] DAEMON: Starting monitor cycle #786
[2026-03-16 13:22:13] DAEMON: Monitor cycle #786 completed successfully
[2026-03-16 13:22:13] DAEMON: Waiting 300 seconds until next cycle
[2026-03-16 13:23:13] DAEMON: Monitor cycle #786 timeout - killing process
[2026-03-16 13:27:13] DAEMON: Starting monitor cycle #787
[2026-03-16 13:27:13] DAEMON: Monitor cycle #787 completed successfully
[2026-03-16 13:27:13] DAEMON: Waiting 300 seconds until next cycle
[2026-03-16 13:28:13] DAEMON: Monitor cycle #787 timeout - killing process
[2026-03-16 13:32:13] DAEMON: Starting monitor cycle #788
[2026-03-16 13:32:13] DAEMON: Monitor cycle #788 completed successfully
[2026-03-16 13:32:13] DAEMON: Waiting 300 seconds until next cycle
[2026-03-16 13:33:13] DAEMON: Monitor cycle #788 timeout - killing process
[2026-03-16 13:37:13] DAEMON: Starting monitor cycle #789
[2026-03-16 13:37:13] DAEMON: Monitor cycle #789 completed successfully
[2026-03-16 13:37:13] DAEMON: Waiting 300 seconds until next cycle
[2026-03-16 13:38:13] DAEMON: Monitor cycle #789 timeout - killing process
[2026-03-16 13:42:13] DAEMON: Starting monitor cycle #790
[2026-03-16 13:42:13] DAEMON: Monitor cycle #790 completed successfully
[2026-03-16 13:42:13] DAEMON: Waiting 300 seconds until next cycle
[2026-03-16 13:43:13] DAEMON: Monitor cycle #790 timeout - killing process
[2026-03-16 13:47:13] DAEMON: Starting monitor cycle #791
[2026-03-16 13:47:13] DAEMON: Monitor cycle #791 completed successfully
[2026-03-16 13:47:13] DAEMON: Waiting 300 seconds until next cycle
[2026-03-16 13:48:13] DAEMON: Monitor cycle #791 timeout - killing process
[2026-03-16 13:52:13] DAEMON: Starting monitor cycle #792
[2026-03-16 13:52:13] DAEMON: Monitor cycle #792 completed successfully
[2026-03-16 13:52:13] DAEMON: Waiting 300 seconds until next cycle
[2026-03-16 13:53:13] DAEMON: Monitor cycle #792 timeout - killing process
[2026-03-16 13:57:13] DAEMON: Starting monitor cycle #793
[2026-03-16 13:57:13] DAEMON: Monitor cycle #793 completed successfully
[2026-03-16 13:57:13] DAEMON: Waiting 300 seconds until next cycle
[2026-03-16 13:58:13] DAEMON: Monitor cycle #793 timeout - killing process
[2026-03-16 14:02:13] DAEMON: Starting monitor cycle #794
[2026-03-16 14:02:14] DAEMON: Monitor cycle #794 completed successfully
[2026-03-16 14:02:14] DAEMON: Waiting 300 seconds until next cycle
[2026-03-16 14:03:14] DAEMON: Monitor cycle #794 timeout - killing process
[2026-03-16 14:07:14] DAEMON: Starting monitor cycle #795
[2026-03-16 14:07:14] DAEMON: Monitor cycle #795 completed successfully
[2026-03-16 14:07:14] DAEMON: Waiting 300 seconds until next cycle
[2026-03-16 14:08:14] DAEMON: Monitor cycle #795 timeout - killing process
[2026-03-16 14:12:14] DAEMON: Starting monitor cycle #796
[2026-03-16 14:12:14] DAEMON: Monitor cycle #796 completed successfully
[2026-03-16 14:12:14] DAEMON: Waiting 300 seconds until next cycle
[2026-03-16 14:13:14] DAEMON: Monitor cycle #796 timeout - killing process
[2026-03-16 14:17:14] DAEMON: Starting monitor cycle #797
[2026-03-16 14:17:14] DAEMON: Monitor cycle #797 completed successfully
[2026-03-16 14:17:14] DAEMON: Waiting 300 seconds until next cycle
[2026-03-16 14:18:14] DAEMON: Monitor cycle #797 timeout - killing process
[2026-03-16 14:22:14] DAEMON: Starting monitor cycle #798
[2026-03-16 14:22:14] DAEMON: Monitor cycle #798 completed successfully
[2026-03-16 14:22:14] DAEMON: Waiting 300 seconds until next cycle
[2026-03-16 14:23:14] DAEMON: Monitor cycle #798 timeout - killing process
[2026-03-16 14:27:14] DAEMON: Starting monitor cycle #799
[2026-03-16 14:27:14] DAEMON: Monitor cycle #799 completed successfully
[2026-03-16 14:27:14] DAEMON: Waiting 300 seconds until next cycle
[2026-03-16 14:28:14] DAEMON: Monitor cycle #799 timeout - killing process
[2026-03-16 14:32:14] DAEMON: Starting monitor cycle #800
[2026-03-16 14:32:14] DAEMON: Monitor cycle #800 completed successfully
[2026-03-16 14:32:14] DAEMON: Waiting 300 seconds until next cycle
[2026-03-16 14:33:14] DAEMON: Monitor cycle #800 timeout - killing process
[2026-03-16 14:37:14] DAEMON: Starting monitor cycle #801
[2026-03-16 14:37:14] DAEMON: Monitor cycle #801 completed successfully
[2026-03-16 14:37:14] DAEMON: Waiting 300 seconds until next cycle
[2026-03-16 14:38:14] DAEMON: Monitor cycle #801 timeout - killing process
[2026-03-16 14:42:15] DAEMON: Starting monitor cycle #802
[2026-03-16 14:42:15] DAEMON: Monitor cycle #802 completed successfully
[2026-03-16 14:42:15] DAEMON: Waiting 300 seconds until next cycle
[2026-03-16 14:43:15] DAEMON: Monitor cycle #802 timeout - killing process
[2026-03-16 14:47:15] DAEMON: Starting monitor cycle #803
[2026-03-16 14:47:15] DAEMON: Monitor cycle #803 completed successfully
[2026-03-16 14:47:15] DAEMON: Waiting 300 seconds until next cycle
[2026-03-16 14:48:15] DAEMON: Monitor cycle #803 timeout - killing process
[2026-03-16 14:52:15] DAEMON: Starting monitor cycle #804
[2026-03-16 14:52:15] DAEMON: Monitor cycle #804 completed successfully
[2026-03-16 14:52:15] DAEMON: Waiting 300 seconds until next cycle
[2026-03-16 14:53:15] DAEMON: Monitor cycle #804 timeout - killing process
[2026-03-16 14:57:15] DAEMON: Starting monitor cycle #805
[2026-03-16 14:57:15] DAEMON: Monitor cycle #805 completed successfully
[2026-03-16 14:57:15] DAEMON: Waiting 300 seconds until next cycle
[2026-03-16 14:58:15] DAEMON: Monitor cycle #805 timeout - killing process
[2026-03-16 15:02:15] DAEMON: Starting monitor cycle #806
[2026-03-16 15:02:15] DAEMON: Monitor cycle #806 completed successfully
[2026-03-16 15:02:15] DAEMON: Waiting 300 seconds until next cycle
[2026-03-16 15:03:15] DAEMON: Monitor cycle #806 timeout - killing process
[2026-03-16 15:07:15] DAEMON: Starting monitor cycle #807
[2026-03-16 15:07:15] DAEMON: Monitor cycle #807 completed successfully
[2026-03-16 15:07:15] DAEMON: Waiting 300 seconds until next cycle
[2026-03-16 15:08:15] DAEMON: Monitor cycle #807 timeout - killing process
[2026-03-16 15:12:15] DAEMON: Starting monitor cycle #808
[2026-03-16 15:12:15] DAEMON: Monitor cycle #808 completed successfully
[2026-03-16 15:12:15] DAEMON: Waiting 300 seconds until next cycle
[2026-03-16 15:13:15] DAEMON: Monitor cycle #808 timeout - killing process
[2026-03-16 15:17:15] DAEMON: Starting monitor cycle #809
[2026-03-16 15:17:15] DAEMON: Monitor cycle #809 completed successfully
[2026-03-16 15:17:15] DAEMON: Waiting 300 seconds until next cycle
[2026-03-16 15:18:15] DAEMON: Monitor cycle #809 timeout - killing process
[2026-03-16 15:22:15] DAEMON: Starting monitor cycle #810
[2026-03-16 15:22:16] DAEMON: Monitor cycle #810 completed successfully
[2026-03-16 15:22:16] DAEMON: Waiting 300 seconds until next cycle
[2026-03-16 15:23:16] DAEMON: Monitor cycle #810 timeout - killing process
[2026-03-16 15:27:16] DAEMON: Starting monitor cycle #811
[2026-03-16 15:27:16] DAEMON: Monitor cycle #811 completed successfully
[2026-03-16 15:27:16] DAEMON: Waiting 300 seconds until next cycle
[2026-03-16 15:28:16] DAEMON: Monitor cycle #811 timeout - killing process
[2026-03-16 15:32:16] DAEMON: Starting monitor cycle #812
[2026-03-16 15:32:16] DAEMON: Monitor cycle #812 completed successfully
[2026-03-16 15:32:16] DAEMON: Waiting 300 seconds until next cycle
[2026-03-16 15:33:16] DAEMON: Monitor cycle #812 timeout - killing process
[2026-03-16 15:37:16] DAEMON: Starting monitor cycle #813
[2026-03-16 15:37:16] DAEMON: Monitor cycle #813 completed successfully
[2026-03-16 15:37:16] DAEMON: Waiting 300 seconds until next cycle
[2026-03-16 15:38:16] DAEMON: Monitor cycle #813 timeout - killing process
[2026-03-16 15:42:16] DAEMON: Starting monitor cycle #814
[2026-03-16 15:42:16] DAEMON: Monitor cycle #814 completed successfully
[2026-03-16 15:42:16] DAEMON: Waiting 300 seconds until next cycle
[2026-03-16 15:43:16] DAEMON: Monitor cycle #814 timeout - killing process
[2026-03-16 15:47:16] DAEMON: Starting monitor cycle #815
[2026-03-16 15:47:16] DAEMON: Monitor cycle #815 completed successfully
[2026-03-16 15:47:16] DAEMON: Waiting 300 seconds until next cycle
[2026-03-16 15:48:16] DAEMON: Monitor cycle #815 timeout - killing process
[2026-03-16 15:52:16] DAEMON: Starting monitor cycle #816
[2026-03-16 15:52:16] DAEMON: Monitor cycle #816 completed successfully
[2026-03-16 15:52:16] DAEMON: Waiting 300 seconds until next cycle
[2026-03-16 15:53:16] DAEMON: Monitor cycle #816 timeout - killing process
[2026-03-16 15:57:16] DAEMON: Starting monitor cycle #817
[2026-03-16 15:57:16] DAEMON: Monitor cycle #817 completed successfully
[2026-03-16 15:57:16] DAEMON: Waiting 300 seconds until next cycle
[2026-03-16 15:58:16] DAEMON: Monitor cycle #817 timeout - killing process
[2026-03-16 16:02:16] DAEMON: Starting monitor cycle #818
[2026-03-16 16:02:16] DAEMON: Monitor cycle #818 completed successfully
[2026-03-16 16:02:16] DAEMON: Waiting 300 seconds until next cycle
[2026-03-16 16:03:16] DAEMON: Monitor cycle #818 timeout - killing process
[2026-03-16 16:07:16] DAEMON: Starting monitor cycle #819
[2026-03-16 16:07:17] DAEMON: Monitor cycle #819 completed successfully
[2026-03-16 16:07:17] DAEMON: Waiting 300 seconds until next cycle
[2026-03-16 16:08:17] DAEMON: Monitor cycle #819 timeout - killing process
[2026-03-16 16:12:17] DAEMON: Starting monitor cycle #820
[2026-03-16 16:12:17] DAEMON: Monitor cycle #820 completed successfully
[2026-03-16 16:12:17] DAEMON: Waiting 300 seconds until next cycle
[2026-03-16 16:13:17] DAEMON: Monitor cycle #820 timeout - killing process
[2026-03-16 16:17:17] DAEMON: Starting monitor cycle #821
[2026-03-16 16:17:17] DAEMON: Monitor cycle #821 completed successfully
[2026-03-16 16:17:17] DAEMON: Waiting 300 seconds until next cycle
[2026-03-16 16:18:17] DAEMON: Monitor cycle #821 timeout - killing process
[2026-03-16 16:22:17] DAEMON: Starting monitor cycle #822
[2026-03-16 16:22:17] DAEMON: Monitor cycle #822 completed successfully
[2026-03-16 16:22:17] DAEMON: Waiting 300 seconds until next cycle
[2026-03-16 16:23:17] DAEMON: Monitor cycle #822 timeout - killing process
[2026-03-16 16:27:17] DAEMON: Starting monitor cycle #823
[2026-03-16 16:27:17] DAEMON: Monitor cycle #823 completed successfully
[2026-03-16 16:27:17] DAEMON: Waiting 300 seconds until next cycle
[2026-03-16 16:28:17] DAEMON: Monitor cycle #823 timeout - killing process
[2026-03-16 16:32:17] DAEMON: Starting monitor cycle #824
[2026-03-16 16:32:17] DAEMON: Monitor cycle #824 completed successfully
[2026-03-16 16:32:17] DAEMON: Waiting 300 seconds until next cycle
[2026-03-16 16:33:17] DAEMON: Monitor cycle #824 timeout - killing process
[2026-03-16 16:37:17] DAEMON: Starting monitor cycle #825
[2026-03-16 16:37:17] DAEMON: Monitor cycle #825 completed successfully
[2026-03-16 16:37:17] DAEMON: Waiting 300 seconds until next cycle
[2026-03-16 16:38:17] DAEMON: Monitor cycle #825 timeout - killing process
[2026-03-16 16:42:17] DAEMON: Starting monitor cycle #826
[2026-03-16 16:42:17] DAEMON: Monitor cycle #826 completed successfully
[2026-03-16 16:42:17] DAEMON: Waiting 300 seconds until next cycle
[2026-03-16 16:43:17] DAEMON: Monitor cycle #826 timeout - killing process
[2026-03-16 16:47:17] DAEMON: Starting monitor cycle #827
[2026-03-16 16:47:17] DAEMON: Monitor cycle #827 completed successfully
[2026-03-16 16:47:17] DAEMON: Waiting 300 seconds until next cycle
[2026-03-16 16:48:17] DAEMON: Monitor cycle #827 timeout - killing process
[2026-03-16 16:52:18] DAEMON: Starting monitor cycle #828
[2026-03-16 16:52:18] DAEMON: Monitor cycle #828 completed successfully
[2026-03-16 16:52:18] DAEMON: Waiting 300 seconds until next cycle
[2026-03-16 16:53:18] DAEMON: Monitor cycle #828 timeout - killing process
[2026-03-16 16:57:18] DAEMON: Starting monitor cycle #829
[2026-03-16 16:57:18] DAEMON: Monitor cycle #829 completed successfully
[2026-03-16 16:57:18] DAEMON: Waiting 300 seconds until next cycle
[2026-03-16 16:58:18] DAEMON: Monitor cycle #829 timeout - killing process
[2026-03-16 17:02:18] DAEMON: Starting monitor cycle #830
[2026-03-16 17:02:18] DAEMON: Monitor cycle #830 completed successfully
[2026-03-16 17:02:18] DAEMON: Waiting 300 seconds until next cycle
[2026-03-16 17:03:18] DAEMON: Monitor cycle #830 timeout - killing process
[2026-03-16 17:07:18] DAEMON: Starting monitor cycle #831
[2026-03-16 17:07:18] DAEMON: Monitor cycle #831 completed successfully
[2026-03-16 17:07:18] DAEMON: Waiting 300 seconds until next cycle
[2026-03-16 17:08:18] DAEMON: Monitor cycle #831 timeout - killing process
[2026-03-16 17:12:18] DAEMON: Starting monitor cycle #832
[2026-03-16 17:12:18] DAEMON: Monitor cycle #832 completed successfully
[2026-03-16 17:12:18] DAEMON: Waiting 300 seconds until next cycle
[2026-03-16 17:13:18] DAEMON: Monitor cycle #832 timeout - killing process
[2026-03-16 17:17:18] DAEMON: Starting monitor cycle #833
[2026-03-16 17:17:18] DAEMON: Monitor cycle #833 completed successfully
[2026-03-16 17:17:18] DAEMON: Waiting 300 seconds until next cycle
[2026-03-16 17:18:18] DAEMON: Monitor cycle #833 timeout - killing process
[2026-03-16 17:22:18] DAEMON: Starting monitor cycle #834
[2026-03-16 17:22:18] DAEMON: Monitor cycle #834 completed successfully
[2026-03-16 17:22:18] DAEMON: Waiting 300 seconds until next cycle
[2026-03-16 17:23:18] DAEMON: Monitor cycle #834 timeout - killing process
[2026-03-16 17:27:18] DAEMON: Starting monitor cycle #835
[2026-03-16 17:27:18] DAEMON: Monitor cycle #835 completed successfully
[2026-03-16 17:27:18] DAEMON: Waiting 300 seconds until next cycle
[2026-03-16 17:28:18] DAEMON: Monitor cycle #835 timeout - killing process
[2026-03-16 17:32:19] DAEMON: Starting monitor cycle #836
[2026-03-16 17:32:19] DAEMON: Monitor cycle #836 completed successfully
[2026-03-16 17:32:19] DAEMON: Waiting 300 seconds until next cycle
[2026-03-16 17:33:19] DAEMON: Monitor cycle #836 timeout - killing process
[2026-03-16 17:37:19] DAEMON: Starting monitor cycle #837
[2026-03-16 17:37:19] DAEMON: Monitor cycle #837 completed successfully
[2026-03-16 17:37:19] DAEMON: Waiting 300 seconds until next cycle
[2026-03-16 17:38:19] DAEMON: Monitor cycle #837 timeout - killing process
[2026-03-16 17:42:19] DAEMON: Starting monitor cycle #838
[2026-03-16 17:42:19] DAEMON: Monitor cycle #838 completed successfully
[2026-03-16 17:42:19] DAEMON: Waiting 300 seconds until next cycle
[2026-03-16 17:43:19] DAEMON: Monitor cycle #838 timeout - killing process
[2026-03-16 17:47:19] DAEMON: Starting monitor cycle #839
[2026-03-16 17:47:19] DAEMON: Monitor cycle #839 completed successfully
[2026-03-16 17:47:19] DAEMON: Waiting 300 seconds until next cycle
[2026-03-16 17:48:19] DAEMON: Monitor cycle #839 timeout - killing process
[2026-03-16 17:52:19] DAEMON: Starting monitor cycle #840
[2026-03-16 17:52:19] DAEMON: Monitor cycle #840 completed successfully
[2026-03-16 17:52:19] DAEMON: Waiting 300 seconds until next cycle
[2026-03-16 17:53:19] DAEMON: Monitor cycle #840 timeout - killing process
[2026-03-16 17:57:19] DAEMON: Starting monitor cycle #841
[2026-03-16 17:57:19] DAEMON: Monitor cycle #841 completed successfully
[2026-03-16 17:57:19] DAEMON: Waiting 300 seconds until next cycle
[2026-03-16 17:58:19] DAEMON: Monitor cycle #841 timeout - killing process
[2026-03-16 18:02:19] DAEMON: Starting monitor cycle #842
[2026-03-16 18:02:19] DAEMON: Monitor cycle #842 completed successfully
[2026-03-16 18:02:19] DAEMON: Waiting 300 seconds until next cycle
[2026-03-16 18:03:19] DAEMON: Monitor cycle #842 timeout - killing process
[2026-03-16 18:07:19] DAEMON: Starting monitor cycle #843
[2026-03-16 18:07:19] DAEMON: Monitor cycle #843 completed successfully
[2026-03-16 18:07:19] DAEMON: Waiting 300 seconds until next cycle
[2026-03-16 18:08:19] DAEMON: Monitor cycle #843 timeout - killing process
[2026-03-16 18:12:19] DAEMON: Starting monitor cycle #844
[2026-03-16 18:12:20] DAEMON: Monitor cycle #844 completed successfully
[2026-03-16 18:12:20] DAEMON: Waiting 300 seconds until next cycle
[2026-03-16 18:13:20] DAEMON: Monitor cycle #844 timeout - killing process
[2026-03-16 18:17:20] DAEMON: Starting monitor cycle #845
[2026-03-16 18:17:20] DAEMON: Monitor cycle #845 completed successfully
[2026-03-16 18:17:20] DAEMON: Waiting 300 seconds until next cycle
[2026-03-16 18:18:20] DAEMON: Monitor cycle #845 timeout - killing process
[2026-03-16 18:22:20] DAEMON: Starting monitor cycle #846
[2026-03-16 18:22:20] DAEMON: Monitor cycle #846 completed successfully
[2026-03-16 18:22:20] DAEMON: Waiting 300 seconds until next cycle
[2026-03-16 18:23:20] DAEMON: Monitor cycle #846 timeout - killing process
[2026-03-16 18:27:20] DAEMON: Starting monitor cycle #847
[2026-03-16 18:27:20] DAEMON: Monitor cycle #847 completed successfully
[2026-03-16 18:27:20] DAEMON: Waiting 300 seconds until next cycle
[2026-03-16 18:28:20] DAEMON: Monitor cycle #847 timeout - killing process
[2026-03-16 18:32:20] DAEMON: Starting monitor cycle #848
[2026-03-16 18:32:20] DAEMON: Monitor cycle #848 completed successfully
[2026-03-16 18:32:20] DAEMON: Waiting 300 seconds until next cycle
[2026-03-16 18:33:20] DAEMON: Monitor cycle #848 timeout - killing process
[2026-03-16 18:37:20] DAEMON: Starting monitor cycle #849
[2026-03-16 18:37:20] DAEMON: Monitor cycle #849 completed successfully
[2026-03-16 18:37:20] DAEMON: Waiting 300 seconds until next cycle
[2026-03-16 18:38:20] DAEMON: Monitor cycle #849 timeout - killing process
[2026-03-16 18:42:20] DAEMON: Starting monitor cycle #850
[2026-03-16 18:42:20] DAEMON: Monitor cycle #850 completed successfully
[2026-03-16 18:42:20] DAEMON: Waiting 300 seconds until next cycle
[2026-03-16 18:43:20] DAEMON: Monitor cycle #850 timeout - killing process
[2026-03-16 18:47:20] DAEMON: Starting monitor cycle #851
[2026-03-16 18:47:20] DAEMON: Monitor cycle #851 completed successfully
[2026-03-16 18:47:20] DAEMON: Waiting 300 seconds until next cycle
[2026-03-16 18:48:20] DAEMON: Monitor cycle #851 timeout - killing process
[2026-03-16 18:52:20] DAEMON: Starting monitor cycle #852
[2026-03-16 18:52:20] DAEMON: Monitor cycle #852 completed successfully
[2026-03-16 18:52:20] DAEMON: Waiting 300 seconds until next cycle
[2026-03-16 18:53:20] DAEMON: Monitor cycle #852 timeout - killing process
[2026-03-16 18:57:20] DAEMON: Starting monitor cycle #853
[2026-03-16 18:57:21] DAEMON: Monitor cycle #853 completed successfully
[2026-03-16 18:57:21] DAEMON: Waiting 300 seconds until next cycle
[2026-03-16 18:58:21] DAEMON: Monitor cycle #853 timeout - killing process
[2026-03-16 19:02:21] DAEMON: Starting monitor cycle #854
[2026-03-16 19:02:21] DAEMON: Monitor cycle #854 completed successfully
[2026-03-16 19:02:21] DAEMON: Waiting 300 seconds until next cycle
[2026-03-16 19:03:21] DAEMON: Monitor cycle #854 timeout - killing process
[2026-03-16 19:07:21] DAEMON: Starting monitor cycle #855
[2026-03-16 19:07:21] DAEMON: Monitor cycle #855 completed successfully
[2026-03-16 19:07:21] DAEMON: Waiting 300 seconds until next cycle
[2026-03-16 19:08:21] DAEMON: Monitor cycle #855 timeout - killing process
[2026-03-16 19:12:21] DAEMON: Starting monitor cycle #856
[2026-03-16 19:12:21] DAEMON: Monitor cycle #856 completed successfully
[2026-03-16 19:12:21] DAEMON: Waiting 300 seconds until next cycle
[2026-03-16 19:13:21] DAEMON: Monitor cycle #856 timeout - killing process
[2026-03-16 19:17:21] DAEMON: Starting monitor cycle #857
[2026-03-16 19:17:21] DAEMON: Monitor cycle #857 completed successfully
[2026-03-16 19:17:21] DAEMON: Waiting 300 seconds until next cycle
[2026-03-16 19:18:21] DAEMON: Monitor cycle #857 timeout - killing process
[2026-03-16 19:22:21] DAEMON: Starting monitor cycle #858
[2026-03-16 19:22:21] DAEMON: Monitor cycle #858 completed successfully
[2026-03-16 19:22:21] DAEMON: Waiting 300 seconds until next cycle
[2026-03-16 19:23:21] DAEMON: Monitor cycle #858 timeout - killing process
[2026-03-16 19:27:21] DAEMON: Starting monitor cycle #859
[2026-03-16 19:27:21] DAEMON: Monitor cycle #859 completed successfully
[2026-03-16 19:27:21] DAEMON: Waiting 300 seconds until next cycle
[2026-03-16 19:28:21] DAEMON: Monitor cycle #859 timeout - killing process
[2026-03-16 19:32:21] DAEMON: Starting monitor cycle #860
[2026-03-16 19:32:21] DAEMON: Monitor cycle #860 completed successfully
[2026-03-16 19:32:21] DAEMON: Waiting 300 seconds until next cycle
[2026-03-16 19:33:21] DAEMON: Monitor cycle #860 timeout - killing process
[2026-03-16 19:37:21] DAEMON: Starting monitor cycle #861
[2026-03-16 19:37:21] DAEMON: Monitor cycle #861 completed successfully
[2026-03-16 19:37:21] DAEMON: Waiting 300 seconds until next cycle
[2026-03-16 19:38:21] DAEMON: Monitor cycle #861 timeout - killing process
[2026-03-16 19:42:21] DAEMON: Starting monitor cycle #862
[2026-03-16 19:42:22] DAEMON: Monitor cycle #862 completed successfully
[2026-03-16 19:42:22] DAEMON: Waiting 300 seconds until next cycle
[2026-03-16 19:43:22] DAEMON: Monitor cycle #862 timeout - killing process
[2026-03-16 19:47:22] DAEMON: Starting monitor cycle #863
[2026-03-16 19:47:22] DAEMON: Monitor cycle #863 completed successfully
[2026-03-16 19:47:22] DAEMON: Waiting 300 seconds until next cycle
[2026-03-16 19:48:22] DAEMON: Monitor cycle #863 timeout - killing process
[2026-03-16 19:52:22] DAEMON: Starting monitor cycle #864
[2026-03-16 19:52:22] DAEMON: Monitor cycle #864 completed successfully
[2026-03-16 19:52:22] DAEMON: Waiting 300 seconds until next cycle
[2026-03-16 19:53:22] DAEMON: Monitor cycle #864 timeout - killing process
[2026-03-16 19:57:22] DAEMON: Starting monitor cycle #865
[2026-03-16 19:57:22] DAEMON: Monitor cycle #865 completed successfully
[2026-03-16 19:57:22] DAEMON: Waiting 300 seconds until next cycle
[2026-03-16 19:58:22] DAEMON: Monitor cycle #865 timeout - killing process
[2026-03-16 20:02:22] DAEMON: Starting monitor cycle #866
[2026-03-16 20:02:22] DAEMON: Monitor cycle #866 completed successfully
[2026-03-16 20:02:22] DAEMON: Waiting 300 seconds until next cycle
[2026-03-16 20:03:22] DAEMON: Monitor cycle #866 timeout - killing process
[2026-03-16 20:07:22] DAEMON: Starting monitor cycle #867
[2026-03-16 20:07:22] DAEMON: Monitor cycle #867 completed successfully
[2026-03-16 20:07:22] DAEMON: Waiting 300 seconds until next cycle
[2026-03-16 20:08:22] DAEMON: Monitor cycle #867 timeout - killing process
[2026-03-16 20:12:22] DAEMON: Starting monitor cycle #868
[2026-03-16 20:12:22] DAEMON: Monitor cycle #868 completed successfully
[2026-03-16 20:12:22] DAEMON: Waiting 300 seconds until next cycle
[2026-03-16 20:13:22] DAEMON: Monitor cycle #868 timeout - killing process
[2026-03-16 20:17:22] DAEMON: Starting monitor cycle #869
[2026-03-16 20:17:22] DAEMON: Monitor cycle #869 completed successfully
[2026-03-16 20:17:22] DAEMON: Waiting 300 seconds until next cycle
[2026-03-16 20:18:22] DAEMON: Monitor cycle #869 timeout - killing process
[2026-03-16 20:22:22] DAEMON: Starting monitor cycle #870
[2026-03-16 20:22:23] DAEMON: Monitor cycle #870 completed successfully
[2026-03-16 20:22:23] DAEMON: Waiting 300 seconds until next cycle
[2026-03-16 20:23:23] DAEMON: Monitor cycle #870 timeout - killing process
[2026-03-16 20:27:23] DAEMON: Starting monitor cycle #871
[2026-03-16 20:27:23] DAEMON: Monitor cycle #871 completed successfully
[2026-03-16 20:27:23] DAEMON: Waiting 300 seconds until next cycle
[2026-03-16 20:28:23] DAEMON: Monitor cycle #871 timeout - killing process
[2026-03-16 20:32:23] DAEMON: Starting monitor cycle #872
[2026-03-16 20:32:23] DAEMON: Monitor cycle #872 completed successfully
[2026-03-16 20:32:23] DAEMON: Waiting 300 seconds until next cycle
[2026-03-16 20:33:23] DAEMON: Monitor cycle #872 timeout - killing process
[2026-03-16 20:37:23] DAEMON: Starting monitor cycle #873
[2026-03-16 20:37:23] DAEMON: Monitor cycle #873 completed successfully
[2026-03-16 20:37:23] DAEMON: Waiting 300 seconds until next cycle
[2026-03-16 20:38:23] DAEMON: Monitor cycle #873 timeout - killing process
[2026-03-16 20:42:23] DAEMON: Starting monitor cycle #874
[2026-03-16 20:42:23] DAEMON: Monitor cycle #874 completed successfully
[2026-03-16 20:42:23] DAEMON: Waiting 300 seconds until next cycle
[2026-03-16 20:43:23] DAEMON: Monitor cycle #874 timeout - killing process
[2026-03-16 20:47:23] DAEMON: Starting monitor cycle #875
[2026-03-16 20:47:23] DAEMON: Monitor cycle #875 completed successfully
[2026-03-16 20:47:23] DAEMON: Waiting 300 seconds until next cycle
[2026-03-16 20:48:23] DAEMON: Monitor cycle #875 timeout - killing process
[2026-03-16 20:52:23] DAEMON: Starting monitor cycle #876
[2026-03-16 20:52:23] DAEMON: Monitor cycle #876 completed successfully
[2026-03-16 20:52:23] DAEMON: Waiting 300 seconds until next cycle
[2026-03-16 20:53:23] DAEMON: Monitor cycle #876 timeout - killing process
[2026-03-16 20:57:23] DAEMON: Starting monitor cycle #877
[2026-03-16 20:57:23] DAEMON: Monitor cycle #877 completed successfully
[2026-03-16 20:57:23] DAEMON: Waiting 300 seconds until next cycle
[2026-03-16 20:58:23] DAEMON: Monitor cycle #877 timeout - killing process
[2026-03-16 21:02:23] DAEMON: Starting monitor cycle #878
[2026-03-16 21:02:23] DAEMON: Monitor cycle #878 completed successfully
[2026-03-16 21:02:23] DAEMON: Waiting 300 seconds until next cycle
[2026-03-16 21:03:23] DAEMON: Monitor cycle #878 timeout - killing process
[2026-03-16 21:07:23] DAEMON: Starting monitor cycle #879
[2026-03-16 21:07:23] DAEMON: Monitor cycle #879 completed successfully
[2026-03-16 21:07:23] DAEMON: Waiting 300 seconds until next cycle
[2026-03-16 21:08:23] DAEMON: Monitor cycle #879 timeout - killing process
[2026-03-16 21:12:23] DAEMON: Starting monitor cycle #880
[2026-03-16 21:12:24] DAEMON: Monitor cycle #880 completed successfully
[2026-03-16 21:12:24] DAEMON: Waiting 300 seconds until next cycle
[2026-03-16 21:13:24] DAEMON: Monitor cycle #880 timeout - killing process
[2026-03-16 21:17:24] DAEMON: Starting monitor cycle #881
[2026-03-16 21:17:24] DAEMON: Monitor cycle #881 completed successfully
[2026-03-16 21:17:24] DAEMON: Waiting 300 seconds until next cycle
[2026-03-16 21:18:24] DAEMON: Monitor cycle #881 timeout - killing process
[2026-03-16 21:22:24] DAEMON: Starting monitor cycle #882
[2026-03-16 21:22:24] DAEMON: Monitor cycle #882 completed successfully
[2026-03-16 21:22:24] DAEMON: Waiting 300 seconds until next cycle
[2026-03-16 21:23:24] DAEMON: Monitor cycle #882 timeout - killing process
[2026-03-16 21:27:24] DAEMON: Starting monitor cycle #883
[2026-03-16 21:27:24] DAEMON: Monitor cycle #883 completed successfully
[2026-03-16 21:27:24] DAEMON: Waiting 300 seconds until next cycle
[2026-03-16 21:28:24] DAEMON: Monitor cycle #883 timeout - killing process
[2026-03-16 21:32:24] DAEMON: Starting monitor cycle #884
[2026-03-16 21:32:24] DAEMON: Monitor cycle #884 completed successfully
[2026-03-16 21:32:24] DAEMON: Waiting 300 seconds until next cycle
[2026-03-16 21:33:24] DAEMON: Monitor cycle #884 timeout - killing process
[2026-03-16 21:37:24] DAEMON: Starting monitor cycle #885
[2026-03-16 21:37:24] DAEMON: Monitor cycle #885 completed successfully
[2026-03-16 21:37:24] DAEMON: Waiting 300 seconds until next cycle
[2026-03-16 21:38:24] DAEMON: Monitor cycle #885 timeout - killing process
[2026-03-16 21:42:24] DAEMON: Starting monitor cycle #886
[2026-03-16 21:42:24] DAEMON: Monitor cycle #886 completed successfully
[2026-03-16 21:42:24] DAEMON: Waiting 300 seconds until next cycle
[2026-03-16 21:43:24] DAEMON: Monitor cycle #886 timeout - killing process
[2026-03-16 21:47:24] DAEMON: Starting monitor cycle #887
[2026-03-16 21:47:24] DAEMON: Monitor cycle #887 completed successfully
[2026-03-16 21:47:24] DAEMON: Waiting 300 seconds until next cycle
[2026-03-16 21:48:24] DAEMON: Monitor cycle #887 timeout - killing process
[2026-03-16 21:52:24] DAEMON: Starting monitor cycle #888
[2026-03-16 21:52:24] DAEMON: Monitor cycle #888 completed successfully
[2026-03-16 21:52:24] DAEMON: Waiting 300 seconds until next cycle
[2026-03-16 21:53:24] DAEMON: Monitor cycle #888 timeout - killing process
[2026-03-16 21:57:24] DAEMON: Starting monitor cycle #889
[2026-03-16 21:57:24] DAEMON: Monitor cycle #889 completed successfully
[2026-03-16 21:57:24] DAEMON: Waiting 300 seconds until next cycle
[2026-03-16 21:58:24] DAEMON: Monitor cycle #889 timeout - killing process
[2026-03-16 22:02:25] DAEMON: Starting monitor cycle #890
[2026-03-16 22:02:25] DAEMON: Monitor cycle #890 completed successfully
[2026-03-16 22:02:25] DAEMON: Waiting 300 seconds until next cycle
[2026-03-16 22:03:25] DAEMON: Monitor cycle #890 timeout - killing process
[2026-03-16 22:07:25] DAEMON: Starting monitor cycle #891
[2026-03-16 22:07:25] DAEMON: Monitor cycle #891 completed successfully
[2026-03-16 22:07:25] DAEMON: Waiting 300 seconds until next cycle
[2026-03-16 22:08:25] DAEMON: Monitor cycle #891 timeout - killing process
[2026-03-16 22:12:25] DAEMON: Starting monitor cycle #892
[2026-03-16 22:12:25] DAEMON: Monitor cycle #892 completed successfully
[2026-03-16 22:12:25] DAEMON: Waiting 300 seconds until next cycle
[2026-03-16 22:13:25] DAEMON: Monitor cycle #892 timeout - killing process
[2026-03-16 22:17:25] DAEMON: Starting monitor cycle #893
[2026-03-16 22:17:25] DAEMON: Monitor cycle #893 completed successfully
[2026-03-16 22:17:25] DAEMON: Waiting 300 seconds until next cycle
[2026-03-16 22:18:25] DAEMON: Monitor cycle #893 timeout - killing process
[2026-03-16 22:22:25] DAEMON: Starting monitor cycle #894
[2026-03-16 22:22:25] DAEMON: Monitor cycle #894 completed successfully
[2026-03-16 22:22:25] DAEMON: Waiting 300 seconds until next cycle
[2026-03-16 22:23:25] DAEMON: Monitor cycle #894 timeout - killing process
[2026-03-16 22:27:25] DAEMON: Starting monitor cycle #895
[2026-03-16 22:27:25] DAEMON: Monitor cycle #895 completed successfully
[2026-03-16 22:27:25] DAEMON: Waiting 300 seconds until next cycle
[2026-03-16 22:28:25] DAEMON: Monitor cycle #895 timeout - killing process
[2026-03-16 22:32:25] DAEMON: Starting monitor cycle #896
[2026-03-16 22:32:25] DAEMON: Monitor cycle #896 completed successfully
[2026-03-16 22:32:25] DAEMON: Waiting 300 seconds until next cycle
[2026-03-16 22:33:25] DAEMON: Monitor cycle #896 timeout - killing process
[2026-03-16 22:37:25] DAEMON: Starting monitor cycle #897
[2026-03-16 22:37:25] DAEMON: Monitor cycle #897 completed successfully
[2026-03-16 22:37:25] DAEMON: Waiting 300 seconds until next cycle
[2026-03-16 22:38:25] DAEMON: Monitor cycle #897 timeout - killing process
[2026-03-16 22:42:25] DAEMON: Starting monitor cycle #898
[2026-03-16 22:42:26] DAEMON: Monitor cycle #898 completed successfully
[2026-03-16 22:42:26] DAEMON: Waiting 300 seconds until next cycle
[2026-03-16 22:43:26] DAEMON: Monitor cycle #898 timeout - killing process
[2026-03-16 22:47:26] DAEMON: Starting monitor cycle #899
[2026-03-16 22:47:26] DAEMON: Monitor cycle #899 completed successfully
[2026-03-16 22:47:26] DAEMON: Waiting 300 seconds until next cycle
[2026-03-16 22:48:26] DAEMON: Monitor cycle #899 timeout - killing process
[2026-03-16 22:52:26] DAEMON: Starting monitor cycle #900
[2026-03-16 22:52:26] DAEMON: Monitor cycle #900 completed successfully
[2026-03-16 22:52:26] DAEMON: Waiting 300 seconds until next cycle
[2026-03-16 22:53:26] DAEMON: Monitor cycle #900 timeout - killing process
[2026-03-16 22:57:26] DAEMON: Starting monitor cycle #901
[2026-03-16 22:57:26] DAEMON: Monitor cycle #901 completed successfully
[2026-03-16 22:57:26] DAEMON: Waiting 300 seconds until next cycle
[2026-03-16 22:58:26] DAEMON: Monitor cycle #901 timeout - killing process
[2026-03-16 23:02:26] DAEMON: Starting monitor cycle #902
[2026-03-16 23:02:26] DAEMON: Monitor cycle #902 completed successfully
[2026-03-16 23:02:26] DAEMON: Waiting 300 seconds until next cycle
[2026-03-16 23:03:26] DAEMON: Monitor cycle #902 timeout - killing process
[2026-03-16 23:07:26] DAEMON: Starting monitor cycle #903
[2026-03-16 23:07:26] DAEMON: Monitor cycle #903 completed successfully
[2026-03-16 23:07:26] DAEMON: Waiting 300 seconds until next cycle
[2026-03-16 23:08:26] DAEMON: Monitor cycle #903 timeout - killing process
[2026-03-16 23:12:26] DAEMON: Starting monitor cycle #904
[2026-03-16 23:12:26] DAEMON: Monitor cycle #904 completed successfully
[2026-03-16 23:12:26] DAEMON: Waiting 300 seconds until next cycle
[2026-03-16 23:13:26] DAEMON: Monitor cycle #904 timeout - killing process
[2026-03-16 23:17:26] DAEMON: Starting monitor cycle #905
[2026-03-16 23:17:26] DAEMON: Monitor cycle #905 completed successfully
[2026-03-16 23:17:26] DAEMON: Waiting 300 seconds until next cycle
[2026-03-16 23:18:26] DAEMON: Monitor cycle #905 timeout - killing process
[2026-03-16 23:22:27] DAEMON: Starting monitor cycle #906
[2026-03-16 23:22:27] DAEMON: Monitor cycle #906 completed successfully
[2026-03-16 23:22:27] DAEMON: Waiting 300 seconds until next cycle
[2026-03-16 23:23:27] DAEMON: Monitor cycle #906 timeout - killing process
[2026-03-16 23:27:27] DAEMON: Starting monitor cycle #907
[2026-03-16 23:27:27] DAEMON: Monitor cycle #907 completed successfully
[2026-03-16 23:27:27] DAEMON: Waiting 300 seconds until next cycle
[2026-03-16 23:28:27] DAEMON: Monitor cycle #907 timeout - killing process
[2026-03-16 23:32:27] DAEMON: Starting monitor cycle #908
[2026-03-16 23:32:27] DAEMON: Monitor cycle #908 completed successfully
[2026-03-16 23:32:27] DAEMON: Waiting 300 seconds until next cycle
[2026-03-16 23:33:27] DAEMON: Monitor cycle #908 timeout - killing process
[2026-03-16 23:37:27] DAEMON: Starting monitor cycle #909
[2026-03-16 23:37:27] DAEMON: Monitor cycle #909 completed successfully
[2026-03-16 23:37:27] DAEMON: Waiting 300 seconds until next cycle
[2026-03-16 23:38:27] DAEMON: Monitor cycle #909 timeout - killing process
[2026-03-16 23:42:27] DAEMON: Starting monitor cycle #910
[2026-03-16 23:42:27] DAEMON: Monitor cycle #910 completed successfully
[2026-03-16 23:42:27] DAEMON: Waiting 300 seconds until next cycle
[2026-03-16 23:43:27] DAEMON: Monitor cycle #910 timeout - killing process
[2026-03-16 23:47:27] DAEMON: Starting monitor cycle #911
[2026-03-16 23:47:27] DAEMON: Monitor cycle #911 completed successfully
[2026-03-16 23:47:27] DAEMON: Waiting 300 seconds until next cycle
[2026-03-16 23:48:27] DAEMON: Monitor cycle #911 timeout - killing process
[2026-03-16 23:52:27] DAEMON: Starting monitor cycle #912
[2026-03-16 23:52:27] DAEMON: Monitor cycle #912 completed successfully
[2026-03-16 23:52:27] DAEMON: Waiting 300 seconds until next cycle
[2026-03-16 23:53:27] DAEMON: Monitor cycle #912 timeout - killing process
[2026-03-16 23:57:27] DAEMON: Starting monitor cycle #913
[2026-03-16 23:57:27] DAEMON: Monitor cycle #913 completed successfully
[2026-03-16 23:57:27] DAEMON: Waiting 300 seconds until next cycle
[2026-03-16 23:58:27] DAEMON: Monitor cycle #913 timeout - killing process
[2026-03-17 00:02:27] DAEMON: Starting monitor cycle #914
[2026-03-17 00:02:27] DAEMON: Monitor cycle #914 completed successfully
[2026-03-17 00:02:27] DAEMON: Waiting 300 seconds until next cycle
[2026-03-17 00:03:27] DAEMON: Monitor cycle #914 timeout - killing process
[2026-03-17 00:07:28] DAEMON: Starting monitor cycle #915
[2026-03-17 00:07:28] DAEMON: Monitor cycle #915 completed successfully
[2026-03-17 00:07:28] DAEMON: Waiting 300 seconds until next cycle
[2026-03-17 00:08:28] DAEMON: Monitor cycle #915 timeout - killing process
[2026-03-17 00:12:28] DAEMON: Starting monitor cycle #916
[2026-03-17 00:12:28] DAEMON: Monitor cycle #916 completed successfully
[2026-03-17 00:12:28] DAEMON: Waiting 300 seconds until next cycle
[2026-03-17 00:13:28] DAEMON: Monitor cycle #916 timeout - killing process
[2026-03-17 00:17:28] DAEMON: Starting monitor cycle #917
[2026-03-17 00:17:28] DAEMON: Monitor cycle #917 completed successfully
[2026-03-17 00:17:28] DAEMON: Waiting 300 seconds until next cycle
[2026-03-17 00:18:28] DAEMON: Monitor cycle #917 timeout - killing process
[2026-03-17 00:22:28] DAEMON: Starting monitor cycle #918
[2026-03-17 00:22:28] DAEMON: Monitor cycle #918 completed successfully
[2026-03-17 00:22:28] DAEMON: Waiting 300 seconds until next cycle
[2026-03-17 00:23:28] DAEMON: Monitor cycle #918 timeout - killing process
[2026-03-17 00:27:28] DAEMON: Starting monitor cycle #919
[2026-03-17 00:27:28] DAEMON: Monitor cycle #919 completed successfully
[2026-03-17 00:27:28] DAEMON: Waiting 300 seconds until next cycle
[2026-03-17 00:28:28] DAEMON: Monitor cycle #919 timeout - killing process
[2026-03-17 00:32:28] DAEMON: Starting monitor cycle #920
[2026-03-17 00:32:28] DAEMON: Monitor cycle #920 completed successfully
[2026-03-17 00:32:28] DAEMON: Waiting 300 seconds until next cycle
[2026-03-17 00:33:28] DAEMON: Monitor cycle #920 timeout - killing process
[2026-03-17 00:37:28] DAEMON: Starting monitor cycle #921
[2026-03-17 00:37:28] DAEMON: Monitor cycle #921 completed successfully
[2026-03-17 00:37:28] DAEMON: Waiting 300 seconds until next cycle
[2026-03-17 00:38:28] DAEMON: Monitor cycle #921 timeout - killing process
[2026-03-17 00:42:28] DAEMON: Starting monitor cycle #922
[2026-03-17 00:42:28] DAEMON: Monitor cycle #922 completed successfully
[2026-03-17 00:42:28] DAEMON: Waiting 300 seconds until next cycle
[2026-03-17 00:43:28] DAEMON: Monitor cycle #922 timeout - killing process
[2026-03-17 00:47:29] DAEMON: Starting monitor cycle #923
[2026-03-17 00:47:29] DAEMON: Monitor cycle #923 completed successfully
[2026-03-17 00:47:29] DAEMON: Waiting 300 seconds until next cycle
[2026-03-17 00:48:29] DAEMON: Monitor cycle #923 timeout - killing process
[2026-03-17 00:52:29] DAEMON: Starting monitor cycle #924
[2026-03-17 00:52:29] DAEMON: Monitor cycle #924 completed successfully
[2026-03-17 00:52:29] DAEMON: Waiting 300 seconds until next cycle
[2026-03-17 00:53:29] DAEMON: Monitor cycle #924 timeout - killing process
[2026-03-17 00:57:29] DAEMON: Starting monitor cycle #925
[2026-03-17 00:57:29] DAEMON: Monitor cycle #925 completed successfully
[2026-03-17 00:57:29] DAEMON: Waiting 300 seconds until next cycle
[2026-03-17 00:58:29] DAEMON: Monitor cycle #925 timeout - killing process
[2026-03-17 01:02:29] DAEMON: Starting monitor cycle #926
[2026-03-17 01:02:29] DAEMON: Monitor cycle #926 completed successfully
[2026-03-17 01:02:29] DAEMON: Waiting 300 seconds until next cycle
[2026-03-17 01:03:29] DAEMON: Monitor cycle #926 timeout - killing process
[2026-03-17 01:07:29] DAEMON: Starting monitor cycle #927
[2026-03-17 01:07:29] DAEMON: Monitor cycle #927 completed successfully
[2026-03-17 01:07:29] DAEMON: Waiting 300 seconds until next cycle
[2026-03-17 01:08:29] DAEMON: Monitor cycle #927 timeout - killing process
[2026-03-17 01:12:29] DAEMON: Starting monitor cycle #928
[2026-03-17 01:12:29] DAEMON: Monitor cycle #928 completed successfully
[2026-03-17 01:12:29] DAEMON: Waiting 300 seconds until next cycle
[2026-03-17 01:13:29] DAEMON: Monitor cycle #928 timeout - killing process
[2026-03-17 01:17:29] DAEMON: Starting monitor cycle #929
[2026-03-17 01:17:29] DAEMON: Monitor cycle #929 completed successfully
[2026-03-17 01:17:29] DAEMON: Waiting 300 seconds until next cycle
[2026-03-17 01:18:29] DAEMON: Monitor cycle #929 timeout - killing process
[2026-03-17 01:22:29] DAEMON: Starting monitor cycle #930
[2026-03-17 01:22:29] DAEMON: Monitor cycle #930 completed successfully
[2026-03-17 01:22:29] DAEMON: Waiting 300 seconds until next cycle
[2026-03-17 01:23:29] DAEMON: Monitor cycle #930 timeout - killing process
[2026-03-17 01:27:30] DAEMON: Starting monitor cycle #931
[2026-03-17 01:27:30] DAEMON: Monitor cycle #931 completed successfully
[2026-03-17 01:27:30] DAEMON: Waiting 300 seconds until next cycle
[2026-03-17 01:28:30] DAEMON: Monitor cycle #931 timeout - killing process
[2026-03-17 01:32:30] DAEMON: Starting monitor cycle #932
[2026-03-17 01:32:30] DAEMON: Monitor cycle #932 completed successfully
[2026-03-17 01:32:30] DAEMON: Waiting 300 seconds until next cycle
[2026-03-17 01:33:30] DAEMON: Monitor cycle #932 timeout - killing process
[2026-03-17 01:37:30] DAEMON: Starting monitor cycle #933
[2026-03-17 01:37:30] DAEMON: Monitor cycle #933 completed successfully
[2026-03-17 01:37:30] DAEMON: Waiting 300 seconds until next cycle
[2026-03-17 01:38:30] DAEMON: Monitor cycle #933 timeout - killing process
[2026-03-17 01:42:30] DAEMON: Starting monitor cycle #934
[2026-03-17 01:42:30] DAEMON: Monitor cycle #934 completed successfully
[2026-03-17 01:42:30] DAEMON: Waiting 300 seconds until next cycle
[2026-03-17 01:43:30] DAEMON: Monitor cycle #934 timeout - killing process
[2026-03-17 01:47:30] DAEMON: Starting monitor cycle #935
[2026-03-17 01:47:30] DAEMON: Monitor cycle #935 completed successfully
[2026-03-17 01:47:30] DAEMON: Waiting 300 seconds until next cycle
[2026-03-17 01:48:30] DAEMON: Monitor cycle #935 timeout - killing process
[2026-03-17 01:52:30] DAEMON: Starting monitor cycle #936
[2026-03-17 01:52:30] DAEMON: Monitor cycle #936 completed successfully
[2026-03-17 01:52:30] DAEMON: Waiting 300 seconds until next cycle
[2026-03-17 01:53:30] DAEMON: Monitor cycle #936 timeout - killing process
[2026-03-17 01:57:30] DAEMON: Starting monitor cycle #937
[2026-03-17 01:57:30] DAEMON: Monitor cycle #937 completed successfully
[2026-03-17 01:57:30] DAEMON: Waiting 300 seconds until next cycle
[2026-03-17 01:58:30] DAEMON: Monitor cycle #937 timeout - killing process
[2026-03-17 02:02:30] DAEMON: Starting monitor cycle #938
[2026-03-17 02:02:30] DAEMON: Monitor cycle #938 completed successfully
[2026-03-17 02:02:30] DAEMON: Waiting 300 seconds until next cycle
[2026-03-17 02:03:30] DAEMON: Monitor cycle #938 timeout - killing process
[2026-03-17 02:07:30] DAEMON: Starting monitor cycle #939
[2026-03-17 02:07:30] DAEMON: Monitor cycle #939 completed successfully
[2026-03-17 02:07:30] DAEMON: Waiting 300 seconds until next cycle
[2026-03-17 02:08:30] DAEMON: Monitor cycle #939 timeout - killing process
[2026-03-17 02:12:31] DAEMON: Starting monitor cycle #940
[2026-03-17 02:12:31] DAEMON: Monitor cycle #940 completed successfully
[2026-03-17 02:12:31] DAEMON: Waiting 300 seconds until next cycle
[2026-03-17 02:13:31] DAEMON: Monitor cycle #940 timeout - killing process
[2026-03-17 02:17:31] DAEMON: Starting monitor cycle #941
[2026-03-17 02:17:31] DAEMON: Monitor cycle #941 completed successfully
[2026-03-17 02:17:31] DAEMON: Waiting 300 seconds until next cycle
[2026-03-17 02:18:31] DAEMON: Monitor cycle #941 timeout - killing process
[2026-03-17 02:22:31] DAEMON: Starting monitor cycle #942
[2026-03-17 02:22:31] DAEMON: Monitor cycle #942 completed successfully
[2026-03-17 02:22:31] DAEMON: Waiting 300 seconds until next cycle
[2026-03-17 02:23:31] DAEMON: Monitor cycle #942 timeout - killing process
[2026-03-17 02:27:31] DAEMON: Starting monitor cycle #943
[2026-03-17 02:27:31] DAEMON: Monitor cycle #943 completed successfully
[2026-03-17 02:27:31] DAEMON: Waiting 300 seconds until next cycle
[2026-03-17 02:28:31] DAEMON: Monitor cycle #943 timeout - killing process
[2026-03-17 02:32:31] DAEMON: Starting monitor cycle #944
[2026-03-17 02:32:31] DAEMON: Monitor cycle #944 completed successfully
[2026-03-17 02:32:31] DAEMON: Waiting 300 seconds until next cycle
[2026-03-17 02:33:31] DAEMON: Monitor cycle #944 timeout - killing process
[2026-03-17 02:37:31] DAEMON: Starting monitor cycle #945
[2026-03-17 02:37:31] DAEMON: Monitor cycle #945 completed successfully
[2026-03-17 02:37:31] DAEMON: Waiting 300 seconds until next cycle
[2026-03-17 02:38:31] DAEMON: Monitor cycle #945 timeout - killing process
[2026-03-17 02:42:31] DAEMON: Starting monitor cycle #946
[2026-03-17 02:42:31] DAEMON: Monitor cycle #946 completed successfully
[2026-03-17 02:42:31] DAEMON: Waiting 300 seconds until next cycle
[2026-03-17 02:43:31] DAEMON: Monitor cycle #946 timeout - killing process
[2026-03-17 02:47:31] DAEMON: Starting monitor cycle #947
[2026-03-17 02:47:31] DAEMON: Monitor cycle #947 completed successfully
[2026-03-17 02:47:31] DAEMON: Waiting 300 seconds until next cycle
[2026-03-17 02:48:31] DAEMON: Monitor cycle #947 timeout - killing process
[2026-03-17 02:52:31] DAEMON: Starting monitor cycle #948
[2026-03-17 02:52:31] DAEMON: Monitor cycle #948 completed successfully
[2026-03-17 02:52:31] DAEMON: Waiting 300 seconds until next cycle
[2026-03-17 02:53:31] DAEMON: Monitor cycle #948 timeout - killing process
[2026-03-17 02:57:32] DAEMON: Starting monitor cycle #949
[2026-03-17 02:57:32] DAEMON: Monitor cycle #949 completed successfully
[2026-03-17 02:57:32] DAEMON: Waiting 300 seconds until next cycle
[2026-03-17 02:58:32] DAEMON: Monitor cycle #949 timeout - killing process
[2026-03-17 03:02:32] DAEMON: Starting monitor cycle #950
[2026-03-17 03:02:32] DAEMON: Monitor cycle #950 completed successfully
[2026-03-17 03:02:32] DAEMON: Waiting 300 seconds until next cycle
[2026-03-17 03:03:32] DAEMON: Monitor cycle #950 timeout - killing process
[2026-03-17 03:07:32] DAEMON: Starting monitor cycle #951
[2026-03-17 03:07:32] DAEMON: Monitor cycle #951 completed successfully
[2026-03-17 03:07:32] DAEMON: Waiting 300 seconds until next cycle
[2026-03-17 03:08:32] DAEMON: Monitor cycle #951 timeout - killing process
[2026-03-17 03:12:32] DAEMON: Starting monitor cycle #952
[2026-03-17 03:12:32] DAEMON: Monitor cycle #952 completed successfully
[2026-03-17 03:12:32] DAEMON: Waiting 300 seconds until next cycle
[2026-03-17 03:13:32] DAEMON: Monitor cycle #952 timeout - killing process
[2026-03-17 03:17:32] DAEMON: Starting monitor cycle #953
[2026-03-17 03:17:32] DAEMON: Monitor cycle #953 completed successfully
[2026-03-17 03:17:32] DAEMON: Waiting 300 seconds until next cycle
[2026-03-17 03:18:32] DAEMON: Monitor cycle #953 timeout - killing process
[2026-03-17 03:22:32] DAEMON: Starting monitor cycle #954
[2026-03-17 03:22:32] DAEMON: Monitor cycle #954 completed successfully
[2026-03-17 03:22:32] DAEMON: Waiting 300 seconds until next cycle
[2026-03-17 03:23:32] DAEMON: Monitor cycle #954 timeout - killing process
[2026-03-17 03:27:32] DAEMON: Starting monitor cycle #955
[2026-03-17 03:27:32] DAEMON: Monitor cycle #955 completed successfully
[2026-03-17 03:27:32] DAEMON: Waiting 300 seconds until next cycle
[2026-03-17 03:28:32] DAEMON: Monitor cycle #955 timeout - killing process
[2026-03-17 03:32:32] DAEMON: Starting monitor cycle #956
[2026-03-17 03:32:32] DAEMON: Monitor cycle #956 completed successfully
[2026-03-17 03:32:32] DAEMON: Waiting 300 seconds until next cycle
[2026-03-17 03:33:32] DAEMON: Monitor cycle #956 timeout - killing process
[2026-03-17 03:37:33] DAEMON: Starting monitor cycle #957
[2026-03-17 03:37:33] DAEMON: Monitor cycle #957 completed successfully
[2026-03-17 03:37:33] DAEMON: Waiting 300 seconds until next cycle
[2026-03-17 03:38:33] DAEMON: Monitor cycle #957 timeout - killing process
[2026-03-17 03:42:33] DAEMON: Starting monitor cycle #958
[2026-03-17 03:42:33] DAEMON: Monitor cycle #958 completed successfully
[2026-03-17 03:42:33] DAEMON: Waiting 300 seconds until next cycle
[2026-03-17 03:43:33] DAEMON: Monitor cycle #958 timeout - killing process
[2026-03-17 03:47:33] DAEMON: Starting monitor cycle #959
[2026-03-17 03:47:33] DAEMON: Monitor cycle #959 completed successfully
[2026-03-17 03:47:33] DAEMON: Waiting 300 seconds until next cycle
[2026-03-17 03:48:33] DAEMON: Monitor cycle #959 timeout - killing process
[2026-03-17 03:52:33] DAEMON: Starting monitor cycle #960
[2026-03-17 03:52:33] DAEMON: Monitor cycle #960 completed successfully
[2026-03-17 03:52:33] DAEMON: Waiting 300 seconds until next cycle
[2026-03-17 03:53:33] DAEMON: Monitor cycle #960 timeout - killing process
[2026-03-17 03:57:33] DAEMON: Starting monitor cycle #961
[2026-03-17 03:57:33] DAEMON: Monitor cycle #961 completed successfully
[2026-03-17 03:57:33] DAEMON: Waiting 300 seconds until next cycle
[2026-03-17 03:58:33] DAEMON: Monitor cycle #961 timeout - killing process
[2026-03-17 04:02:33] DAEMON: Starting monitor cycle #962
[2026-03-17 04:02:33] DAEMON: Monitor cycle #962 completed successfully
[2026-03-17 04:02:33] DAEMON: Waiting 300 seconds until next cycle
[2026-03-17 04:03:33] DAEMON: Monitor cycle #962 timeout - killing process
[2026-03-17 04:07:33] DAEMON: Starting monitor cycle #963
[2026-03-17 04:07:33] DAEMON: Monitor cycle #963 completed successfully
[2026-03-17 04:07:33] DAEMON: Waiting 300 seconds until next cycle
[2026-03-17 04:08:33] DAEMON: Monitor cycle #963 timeout - killing process
[2026-03-17 04:12:33] DAEMON: Starting monitor cycle #964
[2026-03-17 04:12:33] DAEMON: Monitor cycle #964 completed successfully
[2026-03-17 04:12:33] DAEMON: Waiting 300 seconds until next cycle
[2026-03-17 04:13:33] DAEMON: Monitor cycle #964 timeout - killing process
[2026-03-17 04:17:33] DAEMON: Starting monitor cycle #965
[2026-03-17 04:17:33] DAEMON: Monitor cycle #965 completed successfully
[2026-03-17 04:17:33] DAEMON: Waiting 300 seconds until next cycle
[2026-03-17 04:18:33] DAEMON: Monitor cycle #965 timeout - killing process
[2026-03-17 04:22:34] DAEMON: Starting monitor cycle #966
[2026-03-17 04:22:34] DAEMON: Monitor cycle #966 completed successfully
[2026-03-17 04:22:34] DAEMON: Waiting 300 seconds until next cycle
[2026-03-17 04:23:34] DAEMON: Monitor cycle #966 timeout - killing process
[2026-03-17 04:27:34] DAEMON: Starting monitor cycle #967
[2026-03-17 04:27:34] DAEMON: Monitor cycle #967 completed successfully
[2026-03-17 04:27:34] DAEMON: Waiting 300 seconds until next cycle
[2026-03-17 04:28:34] DAEMON: Monitor cycle #967 timeout - killing process
[2026-03-17 04:32:34] DAEMON: Starting monitor cycle #968
[2026-03-17 04:32:34] DAEMON: Monitor cycle #968 completed successfully
[2026-03-17 04:32:34] DAEMON: Waiting 300 seconds until next cycle
[2026-03-17 04:33:34] DAEMON: Monitor cycle #968 timeout - killing process
[2026-03-17 04:37:34] DAEMON: Starting monitor cycle #969
[2026-03-17 04:37:34] DAEMON: Monitor cycle #969 completed successfully
[2026-03-17 04:37:34] DAEMON: Waiting 300 seconds until next cycle
[2026-03-17 04:38:34] DAEMON: Monitor cycle #969 timeout - killing process
[2026-03-17 04:42:34] DAEMON: Starting monitor cycle #970
[2026-03-17 04:42:34] DAEMON: Monitor cycle #970 completed successfully
[2026-03-17 04:42:34] DAEMON: Waiting 300 seconds until next cycle
[2026-03-17 04:43:34] DAEMON: Monitor cycle #970 timeout - killing process
[2026-03-17 04:47:34] DAEMON: Starting monitor cycle #971
[2026-03-17 04:47:34] DAEMON: Monitor cycle #971 completed successfully
[2026-03-17 04:47:34] DAEMON: Waiting 300 seconds until next cycle
[2026-03-17 04:48:34] DAEMON: Monitor cycle #971 timeout - killing process
[2026-03-17 04:52:34] DAEMON: Starting monitor cycle #972
[2026-03-17 04:52:34] DAEMON: Monitor cycle #972 completed successfully
[2026-03-17 04:52:34] DAEMON: Waiting 300 seconds until next cycle
[2026-03-17 04:53:34] DAEMON: Monitor cycle #972 timeout - killing process
[2026-03-17 04:57:34] DAEMON: Starting monitor cycle #973
[2026-03-17 04:57:34] DAEMON: Monitor cycle #973 completed successfully
[2026-03-17 04:57:34] DAEMON: Waiting 300 seconds until next cycle
[2026-03-17 04:58:34] DAEMON: Monitor cycle #973 timeout - killing process
[2026-03-17 05:02:34] DAEMON: Starting monitor cycle #974
[2026-03-17 05:02:34] DAEMON: Monitor cycle #974 completed successfully
[2026-03-17 05:02:34] DAEMON: Waiting 300 seconds until next cycle
[2026-03-17 05:03:34] DAEMON: Monitor cycle #974 timeout - killing process
[2026-03-17 05:07:34] DAEMON: Starting monitor cycle #975
[2026-03-17 05:07:34] DAEMON: Monitor cycle #975 completed successfully
[2026-03-17 05:07:34] DAEMON: Waiting 300 seconds until next cycle
[2026-03-17 05:08:34] DAEMON: Monitor cycle #975 timeout - killing process
[2026-03-17 05:12:35] DAEMON: Starting monitor cycle #976
[2026-03-17 05:12:35] DAEMON: Monitor cycle #976 completed successfully
[2026-03-17 05:12:35] DAEMON: Waiting 300 seconds until next cycle
[2026-03-17 05:13:35] DAEMON: Monitor cycle #976 timeout - killing process
[2026-03-17 05:17:35] DAEMON: Starting monitor cycle #977
[2026-03-17 05:17:35] DAEMON: Monitor cycle #977 completed successfully
[2026-03-17 05:17:35] DAEMON: Waiting 300 seconds until next cycle
[2026-03-17 05:18:35] DAEMON: Monitor cycle #977 timeout - killing process
[2026-03-17 05:22:35] DAEMON: Starting monitor cycle #978
[2026-03-17 05:22:35] DAEMON: Monitor cycle #978 completed successfully
[2026-03-17 05:22:35] DAEMON: Waiting 300 seconds until next cycle
[2026-03-17 05:23:35] DAEMON: Monitor cycle #978 timeout - killing process
[2026-03-17 05:27:35] DAEMON: Starting monitor cycle #979
[2026-03-17 05:27:35] DAEMON: Monitor cycle #979 completed successfully
[2026-03-17 05:27:35] DAEMON: Waiting 300 seconds until next cycle
[2026-03-17 05:28:35] DAEMON: Monitor cycle #979 timeout - killing process
[2026-03-17 05:32:35] DAEMON: Starting monitor cycle #980
[2026-03-17 05:32:35] DAEMON: Monitor cycle #980 completed successfully
[2026-03-17 05:32:35] DAEMON: Waiting 300 seconds until next cycle
[2026-03-17 05:33:35] DAEMON: Monitor cycle #980 timeout - killing process
[2026-03-17 05:37:35] DAEMON: Starting monitor cycle #981
[2026-03-17 05:37:35] DAEMON: Monitor cycle #981 completed successfully
[2026-03-17 05:37:35] DAEMON: Waiting 300 seconds until next cycle
[2026-03-17 05:38:35] DAEMON: Monitor cycle #981 timeout - killing process
[2026-03-17 05:42:35] DAEMON: Starting monitor cycle #982
[2026-03-17 05:42:35] DAEMON: Monitor cycle #982 completed successfully
[2026-03-17 05:42:35] DAEMON: Waiting 300 seconds until next cycle
[2026-03-17 05:43:35] DAEMON: Monitor cycle #982 timeout - killing process
[2026-03-17 05:47:35] DAEMON: Starting monitor cycle #983
[2026-03-17 05:47:35] DAEMON: Monitor cycle #983 completed successfully
[2026-03-17 05:47:35] DAEMON: Waiting 300 seconds until next cycle
[2026-03-17 05:48:35] DAEMON: Monitor cycle #983 timeout - killing process
[2026-03-17 05:52:35] DAEMON: Starting monitor cycle #984
[2026-03-17 05:52:36] DAEMON: Monitor cycle #984 completed successfully
[2026-03-17 05:52:36] DAEMON: Waiting 300 seconds until next cycle
[2026-03-17 05:53:36] DAEMON: Monitor cycle #984 timeout - killing process
[2026-03-17 05:57:36] DAEMON: Starting monitor cycle #985
[2026-03-17 05:57:36] DAEMON: Monitor cycle #985 completed successfully
[2026-03-17 05:57:36] DAEMON: Waiting 300 seconds until next cycle
[2026-03-17 05:58:36] DAEMON: Monitor cycle #985 timeout - killing process
[2026-03-17 06:02:36] DAEMON: Starting monitor cycle #986
[2026-03-17 06:02:36] DAEMON: Monitor cycle #986 completed successfully
[2026-03-17 06:02:36] DAEMON: Waiting 300 seconds until next cycle
[2026-03-17 06:03:36] DAEMON: Monitor cycle #986 timeout - killing process
[2026-03-17 06:07:36] DAEMON: Starting monitor cycle #987
[2026-03-17 06:07:36] DAEMON: Monitor cycle #987 completed successfully
[2026-03-17 06:07:36] DAEMON: Waiting 300 seconds until next cycle
[2026-03-17 06:08:36] DAEMON: Monitor cycle #987 timeout - killing process
[2026-03-17 06:12:36] DAEMON: Starting monitor cycle #988
[2026-03-17 06:12:36] DAEMON: Monitor cycle #988 completed successfully
[2026-03-17 06:12:36] DAEMON: Waiting 300 seconds until next cycle
[2026-03-17 06:13:36] DAEMON: Monitor cycle #988 timeout - killing process
[2026-03-17 06:17:36] DAEMON: Starting monitor cycle #989
[2026-03-17 06:17:36] DAEMON: Monitor cycle #989 completed successfully
[2026-03-17 06:17:36] DAEMON: Waiting 300 seconds until next cycle
[2026-03-17 06:18:36] DAEMON: Monitor cycle #989 timeout - killing process
[2026-03-17 06:22:36] DAEMON: Starting monitor cycle #990
[2026-03-17 06:22:36] DAEMON: Monitor cycle #990 completed successfully
[2026-03-17 06:22:36] DAEMON: Waiting 300 seconds until next cycle
[2026-03-17 06:23:36] DAEMON: Monitor cycle #990 timeout - killing process
[2026-03-17 06:27:36] DAEMON: Starting monitor cycle #991
[2026-03-17 06:27:36] DAEMON: Monitor cycle #991 completed successfully
[2026-03-17 06:27:36] DAEMON: Waiting 300 seconds until next cycle
[2026-03-17 06:28:36] DAEMON: Monitor cycle #991 timeout - killing process
[2026-03-17 06:32:36] DAEMON: Starting monitor cycle #992
[2026-03-17 06:32:36] DAEMON: Monitor cycle #992 completed successfully
[2026-03-17 06:32:36] DAEMON: Waiting 300 seconds until next cycle
[2026-03-17 06:33:36] DAEMON: Monitor cycle #992 timeout - killing process
[2026-03-17 06:37:36] DAEMON: Starting monitor cycle #993
[2026-03-17 06:37:37] DAEMON: Monitor cycle #993 completed successfully
[2026-03-17 06:37:37] DAEMON: Waiting 300 seconds until next cycle
[2026-03-17 06:38:37] DAEMON: Monitor cycle #993 timeout - killing process
[2026-03-17 06:42:37] DAEMON: Starting monitor cycle #994
[2026-03-17 06:42:37] DAEMON: Monitor cycle #994 completed successfully
[2026-03-17 06:42:37] DAEMON: Waiting 300 seconds until next cycle
[2026-03-17 06:43:37] DAEMON: Monitor cycle #994 timeout - killing process
[2026-03-17 06:47:37] DAEMON: Starting monitor cycle #995
[2026-03-17 06:47:37] DAEMON: Monitor cycle #995 completed successfully
[2026-03-17 06:47:37] DAEMON: Waiting 300 seconds until next cycle
[2026-03-17 06:48:37] DAEMON: Monitor cycle #995 timeout - killing process
[2026-03-17 06:52:37] DAEMON: Starting monitor cycle #996
[2026-03-17 06:52:37] DAEMON: Monitor cycle #996 completed successfully
[2026-03-17 06:52:37] DAEMON: Waiting 300 seconds until next cycle
[2026-03-17 06:53:37] DAEMON: Monitor cycle #996 timeout - killing process
[2026-03-17 06:57:37] DAEMON: Starting monitor cycle #997
[2026-03-17 06:57:37] DAEMON: Monitor cycle #997 completed successfully
[2026-03-17 06:57:37] DAEMON: Waiting 300 seconds until next cycle
[2026-03-17 06:58:37] DAEMON: Monitor cycle #997 timeout - killing process
[2026-03-17 07:02:37] DAEMON: Starting monitor cycle #998
[2026-03-17 07:02:37] DAEMON: Monitor cycle #998 completed successfully
[2026-03-17 07:02:37] DAEMON: Waiting 300 seconds until next cycle
[2026-03-17 07:03:37] DAEMON: Monitor cycle #998 timeout - killing process
[2026-03-17 07:07:37] DAEMON: Starting monitor cycle #999
[2026-03-17 07:07:37] DAEMON: Monitor cycle #999 completed successfully
[2026-03-17 07:07:37] DAEMON: Waiting 300 seconds until next cycle
[2026-03-17 07:08:37] DAEMON: Monitor cycle #999 timeout - killing process
[2026-03-17 07:12:37] DAEMON: Starting monitor cycle #1000
[2026-03-17 07:12:37] DAEMON: Monitor cycle #1000 completed successfully
[2026-03-17 07:12:37] DAEMON: Waiting 300 seconds until next cycle
[2026-03-17 07:13:37] DAEMON: Monitor cycle #1000 timeout - killing process
[2026-03-17 07:17:37] DAEMON: Starting monitor cycle #1001
[2026-03-17 07:17:37] DAEMON: Monitor cycle #1001 completed successfully
[2026-03-17 07:17:37] DAEMON: Waiting 300 seconds until next cycle
[2026-03-17 07:18:37] DAEMON: Monitor cycle #1001 timeout - killing process
[2026-03-17 07:22:38] DAEMON: Starting monitor cycle #1002
[2026-03-17 07:22:38] DAEMON: Monitor cycle #1002 completed successfully
[2026-03-17 07:22:38] DAEMON: Waiting 300 seconds until next cycle
[2026-03-17 07:23:38] DAEMON: Monitor cycle #1002 timeout - killing process
[2026-03-17 07:27:38] DAEMON: Starting monitor cycle #1003
[2026-03-17 07:27:38] DAEMON: Monitor cycle #1003 completed successfully
[2026-03-17 07:27:38] DAEMON: Waiting 300 seconds until next cycle
[2026-03-17 07:28:38] DAEMON: Monitor cycle #1003 timeout - killing process
[2026-03-17 07:32:38] DAEMON: Starting monitor cycle #1004
[2026-03-17 07:32:38] DAEMON: Monitor cycle #1004 completed successfully
[2026-03-17 07:32:38] DAEMON: Waiting 300 seconds until next cycle
[2026-03-17 07:33:38] DAEMON: Monitor cycle #1004 timeout - killing process
[2026-03-17 07:37:38] DAEMON: Starting monitor cycle #1005
[2026-03-17 07:37:38] DAEMON: Monitor cycle #1005 completed successfully
[2026-03-17 07:37:38] DAEMON: Waiting 300 seconds until next cycle
[2026-03-17 07:38:38] DAEMON: Monitor cycle #1005 timeout - killing process
[2026-03-17 07:42:38] DAEMON: Starting monitor cycle #1006
[2026-03-17 07:42:38] DAEMON: Monitor cycle #1006 completed successfully
[2026-03-17 07:42:38] DAEMON: Waiting 300 seconds until next cycle
[2026-03-17 07:43:38] DAEMON: Monitor cycle #1006 timeout - killing process
[2026-03-17 07:47:38] DAEMON: Starting monitor cycle #1007
[2026-03-17 07:47:38] DAEMON: Monitor cycle #1007 completed successfully
[2026-03-17 07:47:38] DAEMON: Waiting 300 seconds until next cycle
[2026-03-17 07:48:38] DAEMON: Monitor cycle #1007 timeout - killing process
[2026-03-17 07:52:38] DAEMON: Starting monitor cycle #1008
[2026-03-17 07:52:38] DAEMON: Monitor cycle #1008 completed successfully
[2026-03-17 07:52:38] DAEMON: Waiting 300 seconds until next cycle
[2026-03-17 07:53:38] DAEMON: Monitor cycle #1008 timeout - killing process
[2026-03-17 07:57:38] DAEMON: Starting monitor cycle #1009
[2026-03-17 07:57:38] DAEMON: Monitor cycle #1009 completed successfully
[2026-03-17 07:57:38] DAEMON: Waiting 300 seconds until next cycle
[2026-03-17 07:58:38] DAEMON: Monitor cycle #1009 timeout - killing process
[2026-03-17 08:02:38] DAEMON: Starting monitor cycle #1010
[2026-03-17 08:02:39] DAEMON: Monitor cycle #1010 completed successfully
[2026-03-17 08:02:39] DAEMON: Waiting 300 seconds until next cycle
[2026-03-17 08:03:38] DAEMON: Monitor cycle #1010 timeout - killing process
[2026-03-17 08:07:39] DAEMON: Starting monitor cycle #1011
[2026-03-17 08:07:39] DAEMON: Monitor cycle #1011 completed successfully
[2026-03-17 08:07:39] DAEMON: Waiting 300 seconds until next cycle
[2026-03-17 08:08:39] DAEMON: Monitor cycle #1011 timeout - killing process
[2026-03-17 08:12:39] DAEMON: Starting monitor cycle #1012
[2026-03-17 08:12:39] DAEMON: Monitor cycle #1012 completed successfully
[2026-03-17 08:12:39] DAEMON: Waiting 300 seconds until next cycle
[2026-03-17 08:13:39] DAEMON: Monitor cycle #1012 timeout - killing process
[2026-03-17 08:17:39] DAEMON: Starting monitor cycle #1013
[2026-03-17 08:17:39] DAEMON: Monitor cycle #1013 completed successfully
[2026-03-17 08:17:39] DAEMON: Waiting 300 seconds until next cycle
[2026-03-17 08:18:39] DAEMON: Monitor cycle #1013 timeout - killing process
[2026-03-17 08:22:39] DAEMON: Starting monitor cycle #1014
[2026-03-17 08:22:39] DAEMON: Monitor cycle #1014 completed successfully
[2026-03-17 08:22:39] DAEMON: Waiting 300 seconds until next cycle
[2026-03-17 08:23:39] DAEMON: Monitor cycle #1014 timeout - killing process
[2026-03-17 08:27:39] DAEMON: Starting monitor cycle #1015
[2026-03-17 08:27:39] DAEMON: Monitor cycle #1015 completed successfully
[2026-03-17 08:27:39] DAEMON: Waiting 300 seconds until next cycle
[2026-03-17 08:28:39] DAEMON: Monitor cycle #1015 timeout - killing process
[2026-03-17 08:32:39] DAEMON: Starting monitor cycle #1016
[2026-03-17 08:32:39] DAEMON: Monitor cycle #1016 completed successfully
[2026-03-17 08:32:39] DAEMON: Waiting 300 seconds until next cycle
[2026-03-17 08:33:39] DAEMON: Monitor cycle #1016 timeout - killing process
[2026-03-17 08:37:39] DAEMON: Starting monitor cycle #1017
[2026-03-17 08:37:39] DAEMON: Monitor cycle #1017 completed successfully
[2026-03-17 08:37:39] DAEMON: Waiting 300 seconds until next cycle
[2026-03-17 08:38:39] DAEMON: Monitor cycle #1017 timeout - killing process
[2026-03-17 08:42:39] DAEMON: Starting monitor cycle #1018
[2026-03-17 08:42:39] DAEMON: Monitor cycle #1018 completed successfully
[2026-03-17 08:42:39] DAEMON: Waiting 300 seconds until next cycle
[2026-03-17 08:43:39] DAEMON: Monitor cycle #1018 timeout - killing process
[2026-03-17 08:47:39] DAEMON: Starting monitor cycle #1019
[2026-03-17 08:47:40] DAEMON: Monitor cycle #1019 completed successfully
[2026-03-17 08:47:40] DAEMON: Waiting 300 seconds until next cycle
[2026-03-17 08:48:40] DAEMON: Monitor cycle #1019 timeout - killing process
[2026-03-17 08:52:40] DAEMON: Starting monitor cycle #1020
[2026-03-17 08:52:40] DAEMON: Monitor cycle #1020 completed successfully
[2026-03-17 08:52:40] DAEMON: Waiting 300 seconds until next cycle
[2026-03-17 08:53:40] DAEMON: Monitor cycle #1020 timeout - killing process
[2026-03-17 08:57:40] DAEMON: Starting monitor cycle #1021
[2026-03-17 08:57:40] DAEMON: Monitor cycle #1021 completed successfully
[2026-03-17 08:57:40] DAEMON: Waiting 300 seconds until next cycle
[2026-03-17 08:58:40] DAEMON: Monitor cycle #1021 timeout - killing process
[2026-03-17 09:02:40] DAEMON: Starting monitor cycle #1022
[2026-03-17 09:02:40] DAEMON: Monitor cycle #1022 completed successfully
[2026-03-17 09:02:40] DAEMON: Waiting 300 seconds until next cycle
[2026-03-17 09:03:40] DAEMON: Monitor cycle #1022 timeout - killing process
[2026-03-17 09:07:40] DAEMON: Starting monitor cycle #1023
[2026-03-17 09:07:40] DAEMON: Monitor cycle #1023 completed successfully
[2026-03-17 09:07:40] DAEMON: Waiting 300 seconds until next cycle
[2026-03-17 09:08:40] DAEMON: Monitor cycle #1023 timeout - killing process
[2026-03-17 09:12:40] DAEMON: Starting monitor cycle #1024
[2026-03-17 09:12:40] DAEMON: Monitor cycle #1024 completed successfully
[2026-03-17 09:12:40] DAEMON: Waiting 300 seconds until next cycle
[2026-03-17 09:13:40] DAEMON: Monitor cycle #1024 timeout - killing process
[2026-03-17 09:17:40] DAEMON: Starting monitor cycle #1025
[2026-03-17 09:17:40] DAEMON: Monitor cycle #1025 completed successfully
[2026-03-17 09:17:40] DAEMON: Waiting 300 seconds until next cycle
[2026-03-17 09:18:40] DAEMON: Monitor cycle #1025 timeout - killing process
[2026-03-17 09:22:40] DAEMON: Starting monitor cycle #1026
[2026-03-17 09:22:40] DAEMON: Monitor cycle #1026 completed successfully
[2026-03-17 09:22:40] DAEMON: Waiting 300 seconds until next cycle
[2026-03-17 09:23:40] DAEMON: Monitor cycle #1026 timeout - killing process
[2026-03-17 09:27:40] DAEMON: Starting monitor cycle #1027
[2026-03-17 09:27:40] DAEMON: Monitor cycle #1027 completed successfully
[2026-03-17 09:27:40] DAEMON: Waiting 300 seconds until next cycle
[2026-03-17 09:28:40] DAEMON: Monitor cycle #1027 timeout - killing process
[2026-03-17 09:32:40] DAEMON: Starting monitor cycle #1028
[2026-03-17 09:32:40] DAEMON: Monitor cycle #1028 completed successfully
[2026-03-17 09:32:40] DAEMON: Waiting 300 seconds until next cycle
[2026-03-17 09:33:40] DAEMON: Monitor cycle #1028 timeout - killing process
[2026-03-17 09:37:41] DAEMON: Starting monitor cycle #1029
[2026-03-17 09:37:41] DAEMON: Monitor cycle #1029 completed successfully
[2026-03-17 09:37:41] DAEMON: Waiting 300 seconds until next cycle
[2026-03-17 09:38:41] DAEMON: Monitor cycle #1029 timeout - killing process
[2026-03-17 09:42:41] DAEMON: Starting monitor cycle #1030
[2026-03-17 09:42:41] DAEMON: Monitor cycle #1030 completed successfully
[2026-03-17 09:42:41] DAEMON: Waiting 300 seconds until next cycle
[2026-03-17 09:43:41] DAEMON: Monitor cycle #1030 timeout - killing process
[2026-03-17 09:47:41] DAEMON: Starting monitor cycle #1031
[2026-03-17 09:47:41] DAEMON: Monitor cycle #1031 completed successfully
[2026-03-17 09:47:41] DAEMON: Waiting 300 seconds until next cycle
[2026-03-17 09:48:41] DAEMON: Monitor cycle #1031 timeout - killing process
[2026-03-17 09:52:41] DAEMON: Starting monitor cycle #1032
[2026-03-17 09:52:41] DAEMON: Monitor cycle #1032 completed successfully
[2026-03-17 09:52:41] DAEMON: Waiting 300 seconds until next cycle
[2026-03-17 09:53:41] DAEMON: Monitor cycle #1032 timeout - killing process
[2026-03-17 09:57:41] DAEMON: Starting monitor cycle #1033
[2026-03-17 09:57:41] DAEMON: Monitor cycle #1033 completed successfully
[2026-03-17 09:57:41] DAEMON: Waiting 300 seconds until next cycle
[2026-03-17 09:58:41] DAEMON: Monitor cycle #1033 timeout - killing process
[2026-03-17 10:02:41] DAEMON: Starting monitor cycle #1034
[2026-03-17 10:02:41] DAEMON: Monitor cycle #1034 completed successfully
[2026-03-17 10:02:41] DAEMON: Waiting 300 seconds until next cycle
[2026-03-17 10:03:41] DAEMON: Monitor cycle #1034 timeout - killing process
[2026-03-17 10:08:00] DAEMON: Starting monitor cycle #1035
[2026-03-17 10:08:33] DAEMON: Received SIGTERM, shutting down gracefully...
[2026-03-17 10:08:34] DAEMON: Monitor cycle #1035 completed successfully
[2026-03-17 10:08:34] DAEMON: Daemon loop ended
